workoutIDforDivision,breakdown,lane,rank,heat,points,scoredisplay,time,workoutrank,competitorid,Year
1,100 pts,26,1,3,100,15:07.7,15:07.7,1,153604,2019
2,100 pts,20,1,2,100,05:37.0,05:37.0,1,153604,2019
3,68 pts,25,17,1,68,25:50.1,25:50.1,17,153604,2019
4,40 pts,10,21,2,40,01:50.1,01:50.1,21,153604,2019
5,96 pts,8,2,2,96,675 rep,675,2,153604,2019
6,30 pts,2,15,1,30,6 pt,6,15,153604,2019
7,100 pts,6,1,1,100,15:36.6,15:36.6,1,153604,2019
8,100 pts,9,1,1,100,380.0 lb,380,1,153604,2019
9,60 pts,2,5,1,60,29:04.7,29:04.7,5,153604,2019
10,90 pts,4,2,2,90,03:49.5,03:49.5,2,153604,2019
11,100 pts,4,1,2,100,03:06.9,03:06.9,1,153604,2019
12,100 pts,5,1,1,100,08:05.8,08:05.8,1,153604,2019
1,70 pts,46,16,3,70,17:02.1,17:02.1,16,2725,2019
2,88 pts,28,7,2,88,06:13.0,06:13.0,7,2725,2019
3,54 pts,28,24,1,54,26:27.8,26:27.8,24,2725,2019
4,97 pts,7,2,2,97,01:28.4,01:28.4,2,2725,2019
5,100 pts,9,1,2,100,677 rep,677,1,2725,2019
6,90 pts,1,3,1,90,18 pt,18,3,2725,2019
7,90 pts,5,2,1,90,16:35.9,16:35.9,2,2725,2019
8,60 pts,10,5,1,60,355.0 lb,355,5,2725,2019
9,80 pts,1,3,1,80,27:45.7,27:45.7,3,2725,2019
10,70 pts,3,4,2,70,04:06.8,04:06.8,4,2725,2019
11,60 pts,3,5,2,60,03:32.0,03:32.0,5,2725,2019
12,90 pts,6,2,1,90,08:10.0,08:10.0,2,2725,2019
1,94 pts,25,4,3,94,16:08.5,16:08.5,4,81616,2019
2,45 pts,22,30,2,45,07:00.2,07:00.2,30,81616,2019
3,70 pts,31,16,1,70,25:49.4,25:49.4,16,81616,2019
4,46 pts,14,19,2,46,01:49.7,01:49.7,19,81616,2019
5,68 pts,13,9,2,68,598 rep,598,9,81616,2019
6,95 pts,8,2,1,95,19 pt,19,2,81616,2019
7,80 pts,7,3,1,80,16:42.7,16:42.7,3,81616,2019
8,70 pts,8,4,1,70,365.0 lb,365,4,81616,2019
9,70 pts,3,4,1,70,28:15.0,28:15.0,4,81616,2019
10,80 pts,2,3,2,80,03:55.7,03:55.7,3,81616,2019
11,90 pts,2,2,2,90,03:15.6,03:15.6,2,81616,2019
12,80 pts,4,3,1,80,08:22.8,08:22.8,3,81616,2019
1,96 pts,21,3,3,96,16:06.0,16:06.0,3,34796,2019
2,90 pts,19,6,2,90,06:10.1,06:10.1,6,34796,2019
3,20 pts,26,41,1,20,27:57.7,27:57.7,41,34796,2019
4,61 pts,6,14,2,61,01:45.7,01:45.7,14,34796,2019
5,88 pts,5,4,2,88,645 rep,645,4,34796,2019
6,70 pts,4,7,1,70,14 pt,14,7,34796,2019
7,50 pts,4,6,1,50,19:05.5,19:05.5,6,34796,2019
8,90 pts,7,2,1,90,375.0 lb,375,2,34796,2019
9,30 pts,4,8,1,30,32:40.8,32:40.8,8,34796,2019
10,50 pts,5,6,2,50,04:35.3,04:35.3,6,34796,2019
11,80 pts,5,3,2,80,03:25.9,03:25.9,3,34796,2019
12,70 pts,7,4,1,70,08:35.6,08:35.6,4,34796,2019
1,90 pts,31,6,2,90,16:21.2,16:21.2,6,16080,2019
2,94 pts,23,4,2,94,06:08.1,06:08.1,4,16080,2019
3,92 pts,24,5,1,92,24:47.9,24:47.9,5,16080,2019
4,30 pts,11,26,2,30,01:52.7,01:52.7,26,16080,2019
5,22 pts,7,23T,2,22,515 rep,515,23T,16080,2019
6,60 pts,6,9,1,60,12 pt,12,9,16080,2019
7,60 pts,2,5,1,60,17:17.5,17:17.5,5,16080,2019
8,40 pts,5,7,1,40,345.0 lb,345,7,16080,2019
9,90 pts,5,2,1,90,27:22.9,27:22.9,2,16080,2019
10,100 pts,1,1,2,100,03:47.2,03:47.2,1,16080,2019
11,30 pts,1,8,2,30,04:45.0,04:45.0,8,16080,2019
12,20 pts,3,9,1,20,10:58.7,10:58.7,9,16080,2019
1,76 pts,27,13,3,76,16:47.9,16:47.9,13,199938,2019
2,82 pts,14,10,2,82,06:23.6,06:23.6,10,199938,2019
3,90 pts,29,6,1,90,24:55.3,24:55.3,6,199938,2019
4,24 pts,9,29,2,24,01:59.0,01:59.0,29,199938,2019
5,92 pts,6,3,2,92,660 rep,660,3,199938,2019
6,20 pts,3,17,1,20,4 pt,4,17,199938,2019
7,70 pts,1,4,1,70,17:07.0,17:07.0,4,199938,2019
8,30 pts,6,8,1,30,335.0 lb,335,8,199938,2019
9,40 pts,6,7,1,40,31:16.5,31:16.5,7,199938,2019
10,60 pts,4,5,1,60,04:27.1,04:27.1,5,199938,2019
11,70 pts,4,4,1,70,03:29.7,03:29.7,4,199938,2019
12,40 pts,8,7,1,40,09:02.0,09:02.0,7,199938,2019
1,35 pts,5,40,3,35,19:21.2,19:21.2,40,660204,2019
2,31 pts,18,44,1,31,07:27.5,07:27.5,44,660204,2019
3,66 pts,2,18,1,66,25:53.2,25:53.2,18,660204,2019
4,100 pts,2,1,1,100,01:27.3,01:27.3,1,660204,2019
5,84 pts,8,5,1,84,622 rep,622,5,660204,2019
6,85 pts,9,4,1,85,17 pt,17,4,660204,2019
7,40 pts,8,7,1,40,19:14.5,19:14.5,7,660204,2019
8,20 pts,4,9,1,20,325.0 lb,325,9,660204,2019
9,100 pts,8,1,1,100,25:12.3,25:12.3,1,660204,2019
10,40 pts,3,7,1,40,04:39.1,04:39.1,7,660204,2019
11,20 pts,3,9,1,20,04:59.0,04:59.0,9,660204,2019
12,50 pts,2,6,1,50,08:57.5,08:57.5,6,660204,2019
1,52 pts,45,25,3,52,17:47.7,17:47.7,25,698182,2019
2,70 pts,8,16,2,70,06:36.4,06:36.4,16,698182,2019
3,72 pts,35,15,1,72,25:42.4,25:42.4,15,698182,2019
4,82 pts,4,7,2,82,01:40.0,01:40.0,7,698182,2019
5,56 pts,10,12,2,56,577 rep,577,12,698182,2019
6,40 pts,5,13T,1,40,8 pt,8,13T,698182,2019
7,30 pts,10,8,1,30,CAP+6,CAP+6,8,698182,2019
8,80 pts,2,3,1,80,365.0 lb,365,3,698182,2019
9,10 pts,7,10,1,10,35:52.2,35:52.2,10,698182,2019
10,30 pts,5,8,1,30,04:41.3,04:41.3,8,698182,2019
11,50 pts,5,6,1,50,03:37.8,03:37.8,6,698182,2019
12,60 pts,9,5,1,60,08:52.8,08:52.8,5,698182,2019
1,62 pts,11,20,3,62,17:11.4,17:11.4,20,310970,2019
2,64 pts,30,19,2,64,06:42.9,06:42.9,19,310970,2019
3,10 pts,17,46,1,10,28:52.9,28:52.9,46,310970,2019
4,79 pts,17,8,1,79,01:40.4,01:40.4,8,310970,2019
5,72 pts,5,8,1,72,600 rep,600,8,310970,2019
6,100 pts,18,1,1,100,20 pt,20,1,310970,2019
7,10 pts,9,10,1,10,CAP+134,CAP+134,10,310970,2019
8,50 pts,1,6,1,50,355.0 lb,355,6,310970,2019
9,50 pts,9,6,1,50,29:35.4,29:35.4,6,310970,2019
10,20 pts,2,9,1,20,04:41.7,04:41.7,9,310970,2019
11,40 pts,2,7,1,40,03:42.2,03:42.2,7,310970,2019
12,30 pts,1,8,1,30,10:06.6,10:06.6,8,310970,2019
1,74 pts,26,14,2,74,16:49.5,16:49.5,14,35627,2019
2,29 pts,27,46,2,29,07:38.6,07:38.6,46,35627,2019
3,52 pts,14,25,1,52,26:37.1,26:37.1,25,35627,2019
4,94 pts,7,3,1,94,01:30.1,01:30.1,3,35627,2019
5,76 pts,2,7,2,76,615 rep,615,7,35627,2019
6,80 pts,7,5,1,80,16 pt,16,5,35627,2019
7,20 pts,3,9,1,20,CAP+113,CAP+113,9,35627,2019
8,10 pts,3,10,1,10,0.0 lb,0,10,35627,2019
9,20 pts,10,9,1,20,33:35.5,33:35.5,9,35627,2019
10,10 pts,1,10,1,10,05:02.6,05:02.6,10,35627,2019
11,10 pts,1,10,1,10,CAP+40,CAP+40,10,35627,2019
12,10 pts,10,10,1,10,CAP+90,CAP+90,10,35627,2019
1,88 pts,23,7,3,88,16:24.3,16:24.3,7,153625,2019
2,42 pts,17,33,2,42,07:02.0,07:02.0,33,153625,2019
3,48 pts,18,27,1,48,26:47.6,26:47.6,27,153625,2019
4,85 pts,2,6,2,85,01:39.2,01:39.2,6,153625,2019
5,40 pts,12,17,2,40,550 rep,550,17,153625,2019
6,65 pts,11,8,1,65,13 pt,13,8,153625,2019
7,,0,CUT,0,0,,,CUT,153625,2019
8,,0,CUT,0,0,,,CUT,153625,2019
9,,0,CUT,0,0,,,CUT,153625,2019
10,,0,CUT,0,0,,,CUT,153625,2019
11,,0,CUT,0,0,,,CUT,153625,2019
12,,0,CUT,0,0,,,CUT,153625,2019
1,78 pts,32,12,3,78,16:34.0,16:34.0,12,1690,2019
2,80 pts,26,11,2,80,06:24.1,06:24.1,11,1690,2019
3,86 pts,21,8,1,86,25:09.0,25:09.0,8,1690,2019
4,6 pts,12,38,2,6,02:35.5,02:35.5,38,1690,2019
5,43 pts,14,16,2,43,555 rep,555,16,1690,2019
6,75 pts,15,6,1,75,15 pt,15,6,1690,2019
7,,0,CUT,0,0,,,CUT,1690,2019
8,,0,CUT,0,0,,,CUT,1690,2019
9,,0,CUT,0,0,,,CUT,1690,2019
10,,0,CUT,0,0,,,CUT,1690,2019
11,,0,CUT,0,0,,,CUT,1690,2019
12,,0,CUT,0,0,,,CUT,1690,2019
1,72 pts,17,15,3,72,16:57.5,16:57.5,15,74320,2019
2,52 pts,13,25,2,52,06:48.7,06:48.7,25,74320,2019
3,56 pts,16,23,1,56,26:25.8,26:25.8,23,74320,2019
4,91 pts,18,4,2,91,01:31.2,01:31.2,4,74320,2019
5,28 pts,11,21T,2,28,525 rep,525,21T,74320,2019
6,50 pts,12,11,1,50,10 pt,10,11,74320,2019
7,,0,CUT,0,0,,,CUT,74320,2019
8,,0,CUT,0,0,,,CUT,74320,2019
9,,0,CUT,0,0,,,CUT,74320,2019
10,,0,CUT,0,0,,,CUT,74320,2019
11,,0,CUT,0,0,,,CUT,74320,2019
12,,0,CUT,0,0,,,CUT,74320,2019
1,66 pts,36,18,3,66,17:06.0,17:06.0,18,123764,2019
2,86 pts,29,8,2,86,06:22.6,06:22.6,8,123764,2019
3,14 pts,30,44,1,14,28:29.9,28:29.9,44,123764,2019
4,49 pts,9,18,1,49,01:48.6,01:48.6,18,123764,2019
5,80 pts,11,6,1,80,616 rep,616,6,123764,2019
6,45 pts,13,12,1,45,9 pt,9,12,123764,2019
7,,0,CUT,0,0,,,CUT,123764,2019
8,,0,CUT,0,0,,,CUT,123764,2019
9,,0,CUT,0,0,,,CUT,123764,2019
10,,0,CUT,0,0,,,CUT,123764,2019
11,,0,CUT,0,0,,,CUT,123764,2019
12,,0,CUT,0,0,,,CUT,123764,2019
1,98 pts,9,2,3,98,15:42.8,15:42.8,2,469626,2019
2,27 pts,21,48,2,27,07:41.1,07:41.1,48,469626,2019
3,94 pts,34,4,1,94,24:45.0,24:45.0,4,469626,2019
4,18 pts,13,32,2,18,02:03.8,02:03.8,32,469626,2019
5,52 pts,15,13,2,52,575 rep,575,13,469626,2019
6,40 pts,16,13T,1,40,8 pt,8,13T,469626,2019
7,,0,CUT,0,0,,,CUT,469626,2019
8,,0,CUT,0,0,,,CUT,469626,2019
9,,0,CUT,0,0,,,CUT,469626,2019
10,,0,CUT,0,0,,,CUT,469626,2019
11,,0,CUT,0,0,,,CUT,469626,2019
12,,0,CUT,0,0,,,CUT,469626,2019
1,84 pts,12,9,3,84,16:32.4,16:32.4,9,158264,2019
2,78 pts,16,12,2,78,06:25.6,06:25.6,12,158264,2019
3,78 pts,23,12,1,78,25:27.6,25:27.6,12,158264,2019
4,12 pts,8,35,2,12,02:11.5,02:11.5,35,158264,2019
5,60 pts,3,11,2,60,584 rep,584,11,158264,2019
6,10 pts,10,19,1,10,2 pt,2,19,158264,2019
7,,0,CUT,0,0,,,CUT,158264,2019
8,,0,CUT,0,0,,,CUT,158264,2019
9,,0,CUT,0,0,,,CUT,158264,2019
10,,0,CUT,0,0,,,CUT,158264,2019
11,,0,CUT,0,0,,,CUT,158264,2019
12,,0,CUT,0,0,,,CUT,158264,2019
1,36 pts,16,39,3,36,19:13.5,19:13.5,39,24309,2019
2,66 pts,22,18,1,66,06:39.8,06:39.8,18,24309,2019
3,100 pts,37,1,1,100,24:00.6,24:00.6,1,24309,2019
4,58 pts,5,15,2,58,01:45.8,01:45.8,15,24309,2019
5,34 pts,4,19,2,34,537 rep,537,19,24309,2019
6,25 pts,14,16,1,25,5 pt,5,16,24309,2019
7,,0,CUT,0,0,,,CUT,24309,2019
8,,0,CUT,0,0,,,CUT,24309,2019
9,,0,CUT,0,0,,,CUT,24309,2019
10,,0,CUT,0,0,,,CUT,24309,2019
11,,0,CUT,0,0,,,CUT,24309,2019
12,,0,CUT,0,0,,,CUT,24309,2019
1,47 pts,47,28,3,47,18:16.2,18:16.2,28,286691,2019
2,35 pts,34,40,2,35,07:10.6,07:10.6,40,286691,2019
3,98 pts,7,2,1,98,24:20.0,24:20.0,2,286691,2019
4,43 pts,3,20,2,43,01:49.7,01:49.7,20,286691,2019
5,37 pts,12,18,1,37,538 rep,538,18,286691,2019
6,55 pts,19,10,1,55,11 pt,11,10,286691,2019
7,,0,CUT,0,0,,,CUT,286691,2019
8,,0,CUT,0,0,,,CUT,286691,2019
9,,0,CUT,0,0,,,CUT,286691,2019
10,,0,CUT,0,0,,,CUT,286691,2019
11,,0,CUT,0,0,,,CUT,286691,2019
12,,0,CUT,0,0,,,CUT,286691,2019
1,41 pts,42,34,3,41,19:03.5,19:03.5,34,86089,2019
2,54 pts,37,24,2,54,06:47.8,06:47.8,24,86089,2019
3,74 pts,39,14,1,74,25:42.3,25:42.3,14,86089,2019
4,55 pts,11,16,1,55,01:45.8,01:45.8,16,86089,2019
5,64 pts,9,10,1,64,585 rep,585,10,86089,2019
6,15 pts,17,18,1,15,3 pt,3,18,86089,2019
7,,0,CUT,0,0,,,CUT,86089,2019
8,,0,CUT,0,0,,,CUT,86089,2019
9,,0,CUT,0,0,,,CUT,86089,2019
10,,0,CUT,0,0,,,CUT,86089,2019
11,,0,CUT,0,0,,,CUT,86089,2019
12,,0,CUT,0,0,,,CUT,86089,2019
1,14 pts,37,61T,3,14,CAP+8,CAP+8,61T,230757,2019
2,84 pts,8,9,1,84,06:23.6,06:23.6,9,230757,2019
3,82 pts,13,10,1,82,25:15.8,25:15.8,10,230757,2019
4,20 pts,19,31,2,20,02:03.5,02:03.5,31,230757,2019
5,46 pts,2,15,1,46,560 rep,560,15,230757,2019
6,5 pts,20,20,1,5,1 pt,1,20,230757,2019
7,,0,CUT,0,0,,,CUT,230757,2019
8,,0,CUT,0,0,,,CUT,230757,2019
9,,0,CUT,0,0,,,CUT,230757,2019
10,,0,CUT,0,0,,,CUT,230757,2019
11,,0,CUT,0,0,,,CUT,230757,2019
12,,0,CUT,0,0,,,CUT,230757,2019
1,48 pts,41,27,3,48,18:15.2,18:15.2,27,702092,2019
2,22 pts,7,53,2,22,07:55.1,07:55.1,53,702092,2019
3,88 pts,47,7,1,88,24:58.5,24:58.5,7,702092,2019
4,38 pts,13,22,1,38,01:50.4,01:50.4,22,702092,2019
5,49 pts,15,14,1,49,561 rep,561,14,702092,2019
6,,0,CUT,0,0,,,CUT,702092,2019
7,,0,CUT,0,0,,,CUT,702092,2019
8,,0,CUT,0,0,,,CUT,702092,2019
9,,0,CUT,0,0,,,CUT,702092,2019
10,,0,CUT,0,0,,,CUT,702092,2019
11,,0,CUT,0,0,,,CUT,702092,2019
12,,0,CUT,0,0,,,CUT,702092,2019
1,56 pts,43,23,3,56,17:43.1,17:43.1,23,111592,2019
2,48 pts,9,27,2,48,06:53.7,06:53.7,27,111592,2019
3,30 pts,36,36,1,30,27:39.5,27:39.5,36,111592,2019
4,88 pts,18,5,1,88,01:36.0,01:36.0,5,111592,2019
5,22 pts,7,23T,1,22,515 rep,515,23T,111592,2019
6,,0,CUT,0,0,,,CUT,111592,2019
7,,0,CUT,0,0,,,CUT,111592,2019
8,,0,CUT,0,0,,,CUT,111592,2019
9,,0,CUT,0,0,,,CUT,111592,2019
10,,0,CUT,0,0,,,CUT,111592,2019
11,,0,CUT,0,0,,,CUT,111592,2019
12,,0,CUT,0,0,,,CUT,111592,2019
1,64 pts,33,19,2,64,17:10.5,17:10.5,19,107101,2019
2,68 pts,11,17,2,68,06:37.9,06:37.9,17,107101,2019
3,76 pts,32,13,1,76,25:35.3,25:35.3,13,107101,2019
4,28 pts,15,27,2,28,01:57.6,01:57.6,27,107101,2019
5,7 pts,1,28,2,7,491 rep,491,28,107101,2019
6,,0,CUT,0,0,,,CUT,107101,2019
7,,0,CUT,0,0,,,CUT,107101,2019
8,,0,CUT,0,0,,,CUT,107101,2019
9,,0,CUT,0,0,,,CUT,107101,2019
10,,0,CUT,0,0,,,CUT,107101,2019
11,,0,CUT,0,0,,,CUT,107101,2019
12,,0,CUT,0,0,,,CUT,107101,2019
1,58 pts,6,22,3,58,17:35.4,17:35.4,22,134617,2019
2,40 pts,31,35,2,40,07:03.4,07:03.4,35,134617,2019
3,40 pts,38,31,1,40,27:01.9,27:01.9,31,134617,2019
4,67 pts,4,12,1,67,01:45.3,01:45.3,12,134617,2019
5,31 pts,4,20,1,31,529 rep,529,20,134617,2019
6,,0,CUT,0,0,,,CUT,134617,2019
7,,0,CUT,0,0,,,CUT,134617,2019
8,,0,CUT,0,0,,,CUT,134617,2019
9,,0,CUT,0,0,,,CUT,134617,2019
10,,0,CUT,0,0,,,CUT,134617,2019
11,,0,CUT,0,0,,,CUT,134617,2019
12,,0,CUT,0,0,,,CUT,134617,2019
1,33 pts,14,42,3,33,19:39.7,19:39.7,42,180541,2019
2,58 pts,17,22,1,58,06:44.0,06:44.0,22,180541,2019
3,62 pts,10,20,1,62,26:16.7,26:16.7,20,180541,2019
4,52 pts,14,17,1,52,01:45.9,01:45.9,17,180541,2019
5,28 pts,13,21T,1,28,525 rep,525,21T,180541,2019
6,,0,CUT,0,0,,,CUT,180541,2019
7,,0,CUT,0,0,,,CUT,180541,2019
8,,0,CUT,0,0,,,CUT,180541,2019
9,,0,CUT,0,0,,,CUT,180541,2019
10,,0,CUT,0,0,,,CUT,180541,2019
11,,0,CUT,0,0,,,CUT,180541,2019
12,,0,CUT,0,0,,,CUT,180541,2019
1,54 pts,20,24,2,54,17:45.2,17:45.2,24,461734,2019
2,43 pts,32,32,2,43,07:01.8,07:01.8,32,461734,2019
3,50 pts,12,26,1,50,26:43.3,26:43.3,26,461734,2019
4,73 pts,6,10,1,73,01:41.6,01:41.6,10,461734,2019
5,4 pts,10,29,1,4,480 rep,480,29,461734,2019
6,,0,CUT,0,0,,,CUT,461734,2019
7,,0,CUT,0,0,,,CUT,461734,2019
8,,0,CUT,0,0,,,CUT,461734,2019
9,,0,CUT,0,0,,,CUT,461734,2019
10,,0,CUT,0,0,,,CUT,461734,2019
11,,0,CUT,0,0,,,CUT,461734,2019
12,,0,CUT,0,0,,,CUT,461734,2019
1,15 pts,30,60,2,15,CAP+8,CAP+8,60,23655,2019
2,46 pts,32,29,1,46,06:59.9,06:59.9,29,23655,2019
3,80 pts,50,11,1,80,25:18.9,25:18.9,11,23655,2019
4,76 pts,5,9,1,76,01:41.1,01:41.1,9,23655,2019
5,1 pts,6,30,1,1,470 rep,470,30,23655,2019
6,,0,CUT,0,0,,,CUT,23655,2019
7,,0,CUT,0,0,,,CUT,23655,2019
8,,0,CUT,0,0,,,CUT,23655,2019
9,,0,CUT,0,0,,,CUT,23655,2019
10,,0,CUT,0,0,,,CUT,23655,2019
11,,0,CUT,0,0,,,CUT,23655,2019
12,,0,CUT,0,0,,,CUT,23655,2019
1,86 pts,14,8,1,86,16:28.3,16:28.3,8,43761,2019
2,92 pts,24,5,2,92,06:09.8,06:09.8,5,43761,2019
3,24 pts,27,39,1,24,27:55.4,27:55.4,39,43761,2019
4,2 pts,16,40,2,2,02:41.3,02:41.3,40,43761,2019
5,13 pts,3,26T,1,13,504 rep,504,26T,43761,2019
6,,0,CUT,0,0,,,CUT,43761,2019
7,,0,CUT,0,0,,,CUT,43761,2019
8,,0,CUT,0,0,,,CUT,43761,2019
9,,0,CUT,0,0,,,CUT,43761,2019
10,,0,CUT,0,0,,,CUT,43761,2019
11,,0,CUT,0,0,,,CUT,43761,2019
12,,0,CUT,0,0,,,CUT,43761,2019
1,80 pts,4,11,3,80,16:33.7,16:33.7,11,120333,2019
2,2 pts,15,73T,2,2,CAP+2,CAP+2,73T,120333,2019
3,84 pts,8,9,1,84,25:11.1,25:11.1,9,120333,2019
4,34 pts,12,24,1,34,01:51.8,01:51.8,24,120333,2019
5,16 pts,14,25,1,16,509 rep,509,25,120333,2019
6,,0,CUT,0,0,,,CUT,120333,2019
7,,0,CUT,0,0,,,CUT,120333,2019
8,,0,CUT,0,0,,,CUT,120333,2019
9,,0,CUT,0,0,,,CUT,120333,2019
10,,0,CUT,0,0,,,CUT,120333,2019
11,,0,CUT,0,0,,,CUT,120333,2019
12,,0,CUT,0,0,,,CUT,120333,2019
1,37 pts,38,38,2,37,19:11.4,19:11.4,38,682551,2019
2,56 pts,19,23,1,56,06:46.6,06:46.6,23,682551,2019
3,38 pts,40,32,1,38,27:15.1,27:15.1,32,682551,2019
4,64 pts,19,13,1,64,01:45.5,01:45.5,13,682551,2019
5,13 pts,1,26T,1,13,504 rep,504,26T,682551,2019
6,,0,CUT,0,0,,,CUT,682551,2019
7,,0,CUT,0,0,,,CUT,682551,2019
8,,0,CUT,0,0,,,CUT,682551,2019
9,,0,CUT,0,0,,,CUT,682551,2019
10,,0,CUT,0,0,,,CUT,682551,2019
11,,0,CUT,0,0,,,CUT,682551,2019
12,,0,CUT,0,0,,,CUT,682551,2019
1,42 pts,29,33,3,42,19:01.9,19:01.9,33,472642,2019
2,34 pts,4,41,2,34,07:13.0,07:13.0,41,472642,2019
3,96 pts,5,3,1,96,24:36.9,24:36.9,3,472642,2019
4,22 pts,10,30,1,22,02:00.3,02:00.3,30,472642,2019
5,,0,CUT,0,0,,,CUT,472642,2019
6,,0,CUT,0,0,,,CUT,472642,2019
7,,0,CUT,0,0,,,CUT,472642,2019
8,,0,CUT,0,0,,,CUT,472642,2019
9,,0,CUT,0,0,,,CUT,472642,2019
10,,0,CUT,0,0,,,CUT,472642,2019
11,,0,CUT,0,0,,,CUT,472642,2019
12,,0,CUT,0,0,,,CUT,472642,2019
1,60 pts,22,21,3,60,17:28.9,17:28.9,21,329279,2019
2,72 pts,10,15,2,72,06:31.9,06:31.9,15,329279,2019
3,46 pts,19,28,1,46,26:47.8,26:47.8,28,329279,2019
4,16 pts,1,33,2,16,02:09.4,02:09.4,33,329279,2019
5,,0,CUT,0,0,,,CUT,329279,2019
6,,0,CUT,0,0,,,CUT,329279,2019
7,,0,CUT,0,0,,,CUT,329279,2019
8,,0,CUT,0,0,,,CUT,329279,2019
9,,0,CUT,0,0,,,CUT,329279,2019
10,,0,CUT,0,0,,,CUT,329279,2019
11,,0,CUT,0,0,,,CUT,329279,2019
12,,0,CUT,0,0,,,CUT,329279,2019
1,92 pts,38,5,3,92,16:17.7,16:17.7,5,469656,2019
2,37 pts,18,38,2,37,07:08.0,07:08.0,38,469656,2019
3,60 pts,33,21,1,60,26:20.0,26:20.0,21,469656,2019
4,4 pts,17,39,2,4,02:38.0,02:38.0,39,469656,2019
5,,0,CUT,0,0,,,CUT,469656,2019
6,,0,CUT,0,0,,,CUT,469656,2019
7,,0,CUT,0,0,,,CUT,469656,2019
8,,0,CUT,0,0,,,CUT,469656,2019
9,,0,CUT,0,0,,,CUT,469656,2019
10,,0,CUT,0,0,,,CUT,469656,2019
11,,0,CUT,0,0,,,CUT,469656,2019
12,,0,CUT,0,0,,,CUT,469656,2019
1,44 pts,7,31,3,44,18:20.4,18:20.4,31,2766,2019
2,41 pts,5,34,2,41,07:02.7,07:02.7,34,2766,2019
3,36 pts,42,33,1,36,27:17.6,27:17.6,33,2766,2019
4,70 pts,20,11,1,70,01:44.6,01:44.6,11,2766,2019
5,,0,CUT,0,0,,,CUT,2766,2019
6,,0,CUT,0,0,,,CUT,2766,2019
7,,0,CUT,0,0,,,CUT,2766,2019
8,,0,CUT,0,0,,,CUT,2766,2019
9,,0,CUT,0,0,,,CUT,2766,2019
10,,0,CUT,0,0,,,CUT,2766,2019
11,,0,CUT,0,0,,,CUT,2766,2019
12,,0,CUT,0,0,,,CUT,2766,2019
1,82 pts,30,10,3,82,16:33.3,16:33.3,10,327636,2019
2,76 pts,25,13,2,76,06:27.4,06:27.4,13,327636,2019
3,18 pts,22,42,1,18,28:20.8,28:20.8,42,327636,2019
4,10 pts,20,36,2,10,02:16.2,02:16.2,36,327636,2019
5,,0,CUT,0,0,,,CUT,327636,2019
6,,0,CUT,0,0,,,CUT,327636,2019
7,,0,CUT,0,0,,,CUT,327636,2019
8,,0,CUT,0,0,,,CUT,327636,2019
9,,0,CUT,0,0,,,CUT,327636,2019
10,,0,CUT,0,0,,,CUT,327636,2019
11,,0,CUT,0,0,,,CUT,327636,2019
12,,0,CUT,0,0,,,CUT,327636,2019
1,20 pts,13,55,3,20,CAP+7,CAP+7,55,8690,2019
2,74 pts,30,14,1,74,06:30.1,06:30.1,14,8690,2019
3,44 pts,11,29,1,44,27:00.2,27:00.2,29,8690,2019
4,32 pts,16,25,1,32,01:52.3,01:52.3,25,8690,2019
5,,0,CUT,0,0,,,CUT,8690,2019
6,,0,CUT,0,0,,,CUT,8690,2019
7,,0,CUT,0,0,,,CUT,8690,2019
8,,0,CUT,0,0,,,CUT,8690,2019
9,,0,CUT,0,0,,,CUT,8690,2019
10,,0,CUT,0,0,,,CUT,8690,2019
11,,0,CUT,0,0,,,CUT,8690,2019
12,,0,CUT,0,0,,,CUT,8690,2019
1,45 pts,10,30,3,45,18:18.7,18:18.7,30,173837,2019
2,96 pts,35,3,2,96,05:47.4,05:47.4,3,173837,2019
3,16 pts,20,43,1,16,28:27.8,28:27.8,43,173837,2019
4,8 pts,8,37,1,8,02:21.9,02:21.9,37,173837,2019
5,,0,CUT,0,0,,,CUT,173837,2019
6,,0,CUT,0,0,,,CUT,173837,2019
7,,0,CUT,0,0,,,CUT,173837,2019
8,,0,CUT,0,0,,,CUT,173837,2019
9,,0,CUT,0,0,,,CUT,173837,2019
10,,0,CUT,0,0,,,CUT,173837,2019
11,,0,CUT,0,0,,,CUT,173837,2019
12,,0,CUT,0,0,,,CUT,173837,2019
1,26 pts,15,49,3,26,CAP+4,CAP+4,49,28040,2019
2,50 pts,27,26,1,50,06:50.0,06:50.0,26,28040,2019
3,58 pts,44,22,1,58,26:25.2,26:25.2,22,28040,2019
4,26 pts,3,28,1,26,01:57.7,01:57.7,28,28040,2019
5,,0,CUT,0,0,,,CUT,28040,2019
6,,0,CUT,0,0,,,CUT,28040,2019
7,,0,CUT,0,0,,,CUT,28040,2019
8,,0,CUT,0,0,,,CUT,28040,2019
9,,0,CUT,0,0,,,CUT,28040,2019
10,,0,CUT,0,0,,,CUT,28040,2019
11,,0,CUT,0,0,,,CUT,28040,2019
12,,0,CUT,0,0,,,CUT,28040,2019
1,68 pts,31,17,3,68,17:05.0,17:05.0,17,501728,2019
2,21 pts,12,54,2,21,08:03.6,08:03.6,54,501728,2019
3,34 pts,41,34,1,34,27:18.4,27:18.4,34,501728,2019
4,36 pts,1,23,1,36,01:51.0,01:51.0,23,501728,2019
5,,0,CUT,0,0,,,CUT,501728,2019
6,,0,CUT,0,0,,,CUT,501728,2019
7,,0,CUT,0,0,,,CUT,501728,2019
8,,0,CUT,0,0,,,CUT,501728,2019
9,,0,CUT,0,0,,,CUT,501728,2019
10,,0,CUT,0,0,,,CUT,501728,2019
11,,0,CUT,0,0,,,CUT,501728,2019
12,,0,CUT,0,0,,,CUT,501728,2019
1,46 pts,35,29,2,46,18:18.0,18:18.0,29,542883,2019
2,30 pts,6,45,2,30,07:28.4,07:28.4,45,542883,2019
3,64 pts,6,19,1,64,26:12.6,26:12.6,19,542883,2019
4,14 pts,15,34,1,14,02:09.5,02:09.5,34,542883,2019
5,,0,CUT,0,0,,,CUT,542883,2019
6,,0,CUT,0,0,,,CUT,542883,2019
7,,0,CUT,0,0,,,CUT,542883,2019
8,,0,CUT,0,0,,,CUT,542883,2019
9,,0,CUT,0,0,,,CUT,542883,2019
10,,0,CUT,0,0,,,CUT,542883,2019
11,,0,CUT,0,0,,,CUT,542883,2019
12,,0,CUT,0,0,,,CUT,542883,2019
1,12 pts,36,63,2,12,CAP+8,CAP+8,63,8325,2019
2,62 pts,7,20,1,62,06:43.5,06:43.5,20,8325,2019
3,42 pts,46,30,1,42,27:00.2,27:00.2,30,8325,2019
4,,0,CUT,0,0,,,CUT,8325,2019
5,,0,CUT,0,0,,,CUT,8325,2019
6,,0,CUT,0,0,,,CUT,8325,2019
7,,0,CUT,0,0,,,CUT,8325,2019
8,,0,CUT,0,0,,,CUT,8325,2019
9,,0,CUT,0,0,,,CUT,8325,2019
10,,0,CUT,0,0,,,CUT,8325,2019
11,,0,CUT,0,0,,,CUT,8325,2019
12,,0,CUT,0,0,,,CUT,8325,2019
1,10 pts,15,65,2,10,CAP+8,CAP+8,65,250172,2019
2,98 pts,6,2,1,98,05:40.6,05:40.6,2,250172,2019
3,4 pts,15,49,1,4,30:39.3,30:39.3,49,250172,2019
4,,0,CUT,0,0,,,CUT,250172,2019
5,,0,CUT,0,0,,,CUT,250172,2019
6,,0,CUT,0,0,,,CUT,250172,2019
7,,0,CUT,0,0,,,CUT,250172,2019
8,,0,CUT,0,0,,,CUT,250172,2019
9,,0,CUT,0,0,,,CUT,250172,2019
10,,0,CUT,0,0,,,CUT,250172,2019
11,,0,CUT,0,0,,,CUT,250172,2019
12,,0,CUT,0,0,,,CUT,250172,2019
1,43 pts,29,32,2,43,18:56.4,18:56.4,32,432338,2019
2,33 pts,36,42,2,33,07:16.7,07:16.7,42,432338,2019
3,32 pts,45,35,1,32,27:18.5,27:18.5,35,432338,2019
4,,0,CUT,0,0,,,CUT,432338,2019
5,,0,CUT,0,0,,,CUT,432338,2019
6,,0,CUT,0,0,,,CUT,432338,2019
7,,0,CUT,0,0,,,CUT,432338,2019
8,,0,CUT,0,0,,,CUT,432338,2019
9,,0,CUT,0,0,,,CUT,432338,2019
10,,0,CUT,0,0,,,CUT,432338,2019
11,,0,CUT,0,0,,,CUT,432338,2019
12,,0,CUT,0,0,,,CUT,432338,2019
1,28 pts,4,47,2,28,CAP+2,CAP+2,47,487949,2019
2,44 pts,26,31,1,44,07:00.6,07:00.6,31,487949,2019
3,28 pts,4,37,1,28,27:41.4,27:41.4,37,487949,2019
4,,0,CUT,0,0,,,CUT,487949,2019
5,,0,CUT,0,0,,,CUT,487949,2019
6,,0,CUT,0,0,,,CUT,487949,2019
7,,0,CUT,0,0,,,CUT,487949,2019
8,,0,CUT,0,0,,,CUT,487949,2019
9,,0,CUT,0,0,,,CUT,487949,2019
10,,0,CUT,0,0,,,CUT,487949,2019
11,,0,CUT,0,0,,,CUT,487949,2019
12,,0,CUT,0,0,,,CUT,487949,2019
1,40 pts,35,35,3,40,19:05.7,19:05.7,35,106655,2019
2,47 pts,3,28,2,47,06:56.7,06:56.7,28,106655,2019
3,12 pts,9,45,1,12,28:37.8,28:37.8,45,106655,2019
4,,0,CUT,0,0,,,CUT,106655,2019
5,,0,CUT,0,0,,,CUT,106655,2019
6,,0,CUT,0,0,,,CUT,106655,2019
7,,0,CUT,0,0,,,CUT,106655,2019
8,,0,CUT,0,0,,,CUT,106655,2019
9,,0,CUT,0,0,,,CUT,106655,2019
10,,0,CUT,0,0,,,CUT,106655,2019
11,,0,CUT,0,0,,,CUT,106655,2019
12,,0,CUT,0,0,,,CUT,106655,2019
1,38 pts,16,37,2,38,19:09.1,19:09.1,37,244353,2019
2,28 pts,21,47,1,28,07:40.8,07:40.8,47,244353,2019
3,26 pts,48,38,1,26,27:41.4,27:41.4,38,244353,2019
4,,0,CUT,0,0,,,CUT,244353,2019
5,,0,CUT,0,0,,,CUT,244353,2019
6,,0,CUT,0,0,,,CUT,244353,2019
7,,0,CUT,0,0,,,CUT,244353,2019
8,,0,CUT,0,0,,,CUT,244353,2019
9,,0,CUT,0,0,,,CUT,244353,2019
10,,0,CUT,0,0,,,CUT,244353,2019
11,,0,CUT,0,0,,,CUT,244353,2019
12,,0,CUT,0,0,,,CUT,244353,2019
1,22 pts,26,53,1,22,CAP+7,CAP+7,53,842919,2019
2,60 pts,29,21,1,60,06:43.8,06:43.8,21,842919,2019
3,8 pts,43,47,1,8,29:58.9,29:58.9,47,842919,2019
4,,0,CUT,0,0,,,CUT,842919,2019
5,,0,CUT,0,0,,,CUT,842919,2019
6,,0,CUT,0,0,,,CUT,842919,2019
7,,0,CUT,0,0,,,CUT,842919,2019
8,,0,CUT,0,0,,,CUT,842919,2019
9,,0,CUT,0,0,,,CUT,842919,2019
10,,0,CUT,0,0,,,CUT,842919,2019
11,,0,CUT,0,0,,,CUT,842919,2019
12,,0,CUT,0,0,,,CUT,842919,2019
1,39 pts,27,36,2,39,19:06.2,19:06.2,36,511473,2019
2,25 pts,20,50,1,25,07:45.3,07:45.3,50,511473,2019
3,22 pts,1,40,1,22,27:56.7,27:56.7,40,511473,2019
4,,0,CUT,0,0,,,CUT,511473,2019
5,,0,CUT,0,0,,,CUT,511473,2019
6,,0,CUT,0,0,,,CUT,511473,2019
7,,0,CUT,0,0,,,CUT,511473,2019
8,,0,CUT,0,0,,,CUT,511473,2019
9,,0,CUT,0,0,,,CUT,511473,2019
10,,0,CUT,0,0,,,CUT,511473,2019
11,,0,CUT,0,0,,,CUT,511473,2019
12,,0,CUT,0,0,,,CUT,511473,2019
1,50 pts,23,26,2,50,18:06.0,18:06.0,26,686308,2019
2,18 pts,33,57,2,18,08:11.1,08:11.1,57,686308,2019
3,6 pts,3,48,1,6,30:29.8,30:29.8,48,686308,2019
4,,0,CUT,0,0,,,CUT,686308,2019
5,,0,CUT,0,0,,,CUT,686308,2019
6,,0,CUT,0,0,,,CUT,686308,2019
7,,0,CUT,0,0,,,CUT,686308,2019
8,,0,CUT,0,0,,,CUT,686308,2019
9,,0,CUT,0,0,,,CUT,686308,2019
10,,0,CUT,0,0,,,CUT,686308,2019
11,,0,CUT,0,0,,,CUT,686308,2019
12,,0,CUT,0,0,,,CUT,686308,2019
1,25 pts,44,50,3,25,CAP+4,CAP+4,50,478414,2019
2,39 pts,13,36,1,39,07:04.2,07:04.2,36,478414,2019
3,2 pts,49,50,1,2,32:14.4,32:14.4,50,478414,2019
4,,0,CUT,0,0,,,CUT,478414,2019
5,,0,CUT,0,0,,,CUT,478414,2019
6,,0,CUT,0,0,,,CUT,478414,2019
7,,0,CUT,0,0,,,CUT,478414,2019
8,,0,CUT,0,0,,,CUT,478414,2019
9,,0,CUT,0,0,,,CUT,478414,2019
10,,0,CUT,0,0,,,CUT,478414,2019
11,,0,CUT,0,0,,,CUT,478414,2019
12,,0,CUT,0,0,,,CUT,478414,2019
1,17 pts,10,58,2,17,CAP+8,CAP+8,58,468290,2019
2,36 pts,31,39,1,36,07:08.7,07:08.7,39,468290,2019
3,,0,CUT,0,0,,,CUT,468290,2019
4,,0,CUT,0,0,,,CUT,468290,2019
5,,0,CUT,0,0,,,CUT,468290,2019
6,,0,CUT,0,0,,,CUT,468290,2019
7,,0,CUT,0,0,,,CUT,468290,2019
8,,0,CUT,0,0,,,CUT,468290,2019
9,,0,CUT,0,0,,,CUT,468290,2019
10,,0,CUT,0,0,,,CUT,468290,2019
11,,0,CUT,0,0,,,CUT,468290,2019
12,,0,CUT,0,0,,,CUT,468290,2019
1,30 pts,8,45,2,30,CAP+1,CAP+1,45,677889,2019
2,19 pts,25,56,1,19,08:06.1,08:06.1,56,677889,2019
3,,0,CUT,0,0,,,CUT,677889,2019
4,,0,CUT,0,0,,,CUT,677889,2019
5,,0,CUT,0,0,,,CUT,677889,2019
6,,0,CUT,0,0,,,CUT,677889,2019
7,,0,CUT,0,0,,,CUT,677889,2019
8,,0,CUT,0,0,,,CUT,677889,2019
9,,0,CUT,0,0,,,CUT,677889,2019
10,,0,CUT,0,0,,,CUT,677889,2019
11,,0,CUT,0,0,,,CUT,677889,2019
12,,0,CUT,0,0,,,CUT,677889,2019
1,31 pts,25,44,2,31,19:58.4,19:58.4,44,221436,2019
2,17 pts,16,58,1,17,08:16.0,08:16.0,58,221436,2019
3,,0,CUT,0,0,,,CUT,221436,2019
4,,0,CUT,0,0,,,CUT,221436,2019
5,,0,CUT,0,0,,,CUT,221436,2019
6,,0,CUT,0,0,,,CUT,221436,2019
7,,0,CUT,0,0,,,CUT,221436,2019
8,,0,CUT,0,0,,,CUT,221436,2019
9,,0,CUT,0,0,,,CUT,221436,2019
10,,0,CUT,0,0,,,CUT,221436,2019
11,,0,CUT,0,0,,,CUT,221436,2019
12,,0,CUT,0,0,,,CUT,221436,2019
1,34 pts,22,41,2,34,19:33.3,19:33.3,41,155471,2019
2,13 pts,23,62,1,13,08:41.0,08:41.0,62,155471,2019
3,,0,CUT,0,0,,,CUT,155471,2019
4,,0,CUT,0,0,,,CUT,155471,2019
5,,0,CUT,0,0,,,CUT,155471,2019
6,,0,CUT,0,0,,,CUT,155471,2019
7,,0,CUT,0,0,,,CUT,155471,2019
8,,0,CUT,0,0,,,CUT,155471,2019
9,,0,CUT,0,0,,,CUT,155471,2019
10,,0,CUT,0,0,,,CUT,155471,2019
11,,0,CUT,0,0,,,CUT,155471,2019
12,,0,CUT,0,0,,,CUT,155471,2019
1,8 pts,11,67,2,8,CAP+9,CAP+9,67,286311,2019
2,38 pts,5,37,1,38,07:04.4,07:04.4,37,286311,2019
3,,0,CUT,0,0,,,CUT,286311,2019
4,,0,CUT,0,0,,,CUT,286311,2019
5,,0,CUT,0,0,,,CUT,286311,2019
6,,0,CUT,0,0,,,CUT,286311,2019
7,,0,CUT,0,0,,,CUT,286311,2019
8,,0,CUT,0,0,,,CUT,286311,2019
9,,0,CUT,0,0,,,CUT,286311,2019
10,,0,CUT,0,0,,,CUT,286311,2019
11,,0,CUT,0,0,,,CUT,286311,2019
12,,0,CUT,0,0,,,CUT,286311,2019
1,21 pts,8,54,3,21,CAP+7,CAP+7,54,1325298,2019
2,24 pts,11,51,1,24,07:52.2,07:52.2,51,1325298,2019
3,,0,CUT,0,0,,,CUT,1325298,2019
4,,0,CUT,0,0,,,CUT,1325298,2019
5,,0,CUT,0,0,,,CUT,1325298,2019
6,,0,CUT,0,0,,,CUT,1325298,2019
7,,0,CUT,0,0,,,CUT,1325298,2019
8,,0,CUT,0,0,,,CUT,1325298,2019
9,,0,CUT,0,0,,,CUT,1325298,2019
10,,0,CUT,0,0,,,CUT,1325298,2019
11,,0,CUT,0,0,,,CUT,1325298,2019
12,,0,CUT,0,0,,,CUT,1325298,2019
1,32 pts,19,43,2,32,19:56.3,19:56.3,43,351417,2019
2,9 pts,24,66,1,9,09:06.0,09:06.0,66,351417,2019
3,,0,CUT,0,0,,,CUT,351417,2019
4,,0,CUT,0,0,,,CUT,351417,2019
5,,0,CUT,0,0,,,CUT,351417,2019
6,,0,CUT,0,0,,,CUT,351417,2019
7,,0,CUT,0,0,,,CUT,351417,2019
8,,0,CUT,0,0,,,CUT,351417,2019
9,,0,CUT,0,0,,,CUT,351417,2019
10,,0,CUT,0,0,,,CUT,351417,2019
11,,0,CUT,0,0,,,CUT,351417,2019
12,,0,CUT,0,0,,,CUT,351417,2019
1,24 pts,40,51,2,24,CAP+5,CAP+5,51,1697328,2019
2,16 pts,28,59,1,16,08:23.2,08:23.2,59,1697328,2019
3,,0,CUT,0,0,,,CUT,1697328,2019
4,,0,CUT,0,0,,,CUT,1697328,2019
5,,0,CUT,0,0,,,CUT,1697328,2019
6,,0,CUT,0,0,,,CUT,1697328,2019
7,,0,CUT,0,0,,,CUT,1697328,2019
8,,0,CUT,0,0,,,CUT,1697328,2019
9,,0,CUT,0,0,,,CUT,1697328,2019
10,,0,CUT,0,0,,,CUT,1697328,2019
11,,0,CUT,0,0,,,CUT,1697328,2019
12,,0,CUT,0,0,,,CUT,1697328,2019
1,3 pts,18,72,2,3,CAP+10,CAP+10,72,119313,2019
2,32 pts,38,43,1,32,07:24.1,07:24.1,43,119313,2019
3,,0,CUT,0,0,,,CUT,119313,2019
4,,0,CUT,0,0,,,CUT,119313,2019
5,,0,CUT,0,0,,,CUT,119313,2019
6,,0,CUT,0,0,,,CUT,119313,2019
7,,0,CUT,0,0,,,CUT,119313,2019
8,,0,CUT,0,0,,,CUT,119313,2019
9,,0,CUT,0,0,,,CUT,119313,2019
10,,0,CUT,0,0,,,CUT,119313,2019
11,,0,CUT,0,0,,,CUT,119313,2019
12,,0,CUT,0,0,,,CUT,119313,2019
1,14 pts,24,61T,3,14,CAP+8,CAP+8,61T,514502,2019
2,20 pts,33,55,1,20,08:04.0,08:04.0,55,514502,2019
3,,0,CUT,0,0,,,CUT,514502,2019
4,,0,CUT,0,0,,,CUT,514502,2019
5,,0,CUT,0,0,,,CUT,514502,2019
6,,0,CUT,0,0,,,CUT,514502,2019
7,,0,CUT,0,0,,,CUT,514502,2019
8,,0,CUT,0,0,,,CUT,514502,2019
9,,0,CUT,0,0,,,CUT,514502,2019
10,,0,CUT,0,0,,,CUT,514502,2019
11,,0,CUT,0,0,,,CUT,514502,2019
12,,0,CUT,0,0,,,CUT,514502,2019
1,27 pts,44,48,2,27,CAP+4,CAP+4,48,231921,2019
2,6 pts,14,69,1,6,09:32.2,09:32.2,69,231921,2019
3,,0,CUT,0,0,,,CUT,231921,2019
4,,0,CUT,0,0,,,CUT,231921,2019
5,,0,CUT,0,0,,,CUT,231921,2019
6,,0,CUT,0,0,,,CUT,231921,2019
7,,0,CUT,0,0,,,CUT,231921,2019
8,,0,CUT,0,0,,,CUT,231921,2019
9,,0,CUT,0,0,,,CUT,231921,2019
10,,0,CUT,0,0,,,CUT,231921,2019
11,,0,CUT,0,0,,,CUT,231921,2019
12,,0,CUT,0,0,,,CUT,231921,2019
1,29 pts,1,46,2,29,CAP+2,CAP+2,46,196667,2019
2,2 pts,15,73T,1,2,CAP+2,CAP+2,73T,196667,2019
3,,0,CUT,0,0,,,CUT,196667,2019
4,,0,CUT,0,0,,,CUT,196667,2019
5,,0,CUT,0,0,,,CUT,196667,2019
6,,0,CUT,0,0,,,CUT,196667,2019
7,,0,CUT,0,0,,,CUT,196667,2019
8,,0,CUT,0,0,,,CUT,196667,2019
9,,0,CUT,0,0,,,CUT,196667,2019
10,,0,CUT,0,0,,,CUT,196667,2019
11,,0,CUT,0,0,,,CUT,196667,2019
12,,0,CUT,0,0,,,CUT,196667,2019
1,5 pts,39,70,2,5,CAP+9,CAP+9,70,160128,2019
2,26 pts,37,49,1,26,07:44.4,07:44.4,49,160128,2019
3,,0,CUT,0,0,,,CUT,160128,2019
4,,0,CUT,0,0,,,CUT,160128,2019
5,,0,CUT,0,0,,,CUT,160128,2019
6,,0,CUT,0,0,,,CUT,160128,2019
7,,0,CUT,0,0,,,CUT,160128,2019
8,,0,CUT,0,0,,,CUT,160128,2019
9,,0,CUT,0,0,,,CUT,160128,2019
10,,0,CUT,0,0,,,CUT,160128,2019
11,,0,CUT,0,0,,,CUT,160128,2019
12,,0,CUT,0,0,,,CUT,160128,2019
1,23 pts,2,52,2,23,CAP+6,CAP+6,52,858387,2019
2,8 pts,12,67,1,8,09:15.4,09:15.4,67,858387,2019
3,,0,CUT,0,0,,,CUT,858387,2019
4,,0,CUT,0,0,,,CUT,858387,2019
5,,0,CUT,0,0,,,CUT,858387,2019
6,,0,CUT,0,0,,,CUT,858387,2019
7,,0,CUT,0,0,,,CUT,858387,2019
8,,0,CUT,0,0,,,CUT,858387,2019
9,,0,CUT,0,0,,,CUT,858387,2019
10,,0,CUT,0,0,,,CUT,858387,2019
11,,0,CUT,0,0,,,CUT,858387,2019
12,,0,CUT,0,0,,,CUT,858387,2019
1,16 pts,5,59,2,16,CAP+8,CAP+8,59,849478,2019
2,15 pts,9,60,1,15,08:24.8,08:24.8,60,849478,2019
3,,0,CUT,0,0,,,CUT,849478,2019
4,,0,CUT,0,0,,,CUT,849478,2019
5,,0,CUT,0,0,,,CUT,849478,2019
6,,0,CUT,0,0,,,CUT,849478,2019
7,,0,CUT,0,0,,,CUT,849478,2019
8,,0,CUT,0,0,,,CUT,849478,2019
9,,0,CUT,0,0,,,CUT,849478,2019
10,,0,CUT,0,0,,,CUT,849478,2019
11,,0,CUT,0,0,,,CUT,849478,2019
12,,0,CUT,0,0,,,CUT,849478,2019
1,2 pts,47,73,2,2,CAP+11,CAP+11,73,315266,2019
2,23 pts,2,52,1,23,07:52.8,07:52.8,52,315266,2019
3,,0,CUT,0,0,,,CUT,315266,2019
4,,0,CUT,0,0,,,CUT,315266,2019
5,,0,CUT,0,0,,,CUT,315266,2019
6,,0,CUT,0,0,,,CUT,315266,2019
7,,0,CUT,0,0,,,CUT,315266,2019
8,,0,CUT,0,0,,,CUT,315266,2019
9,,0,CUT,0,0,,,CUT,315266,2019
10,,0,CUT,0,0,,,CUT,315266,2019
11,,0,CUT,0,0,,,CUT,315266,2019
12,,0,CUT,0,0,,,CUT,315266,2019
1,19 pts,28,56,2,19,CAP+8,CAP+8,56,270266,2019
2,5 pts,0,70,0,5,09:57.0,09:57.0,70,270266,2019
3,,0,CUT,0,0,,,CUT,270266,2019
4,,0,CUT,0,0,,,CUT,270266,2019
5,,0,CUT,0,0,,,CUT,270266,2019
6,,0,CUT,0,0,,,CUT,270266,2019
7,,0,CUT,0,0,,,CUT,270266,2019
8,,0,CUT,0,0,,,CUT,270266,2019
9,,0,CUT,0,0,,,CUT,270266,2019
10,,0,CUT,0,0,,,CUT,270266,2019
11,,0,CUT,0,0,,,CUT,270266,2019
12,,0,CUT,0,0,,,CUT,270266,2019
1,11 pts,41,64,2,11,CAP+8,CAP+8,64,423302,2019
2,12 pts,34,63,1,12,08:50.0,08:50.0,63,423302,2019
3,,0,CUT,0,0,,,CUT,423302,2019
4,,0,CUT,0,0,,,CUT,423302,2019
5,,0,CUT,0,0,,,CUT,423302,2019
6,,0,CUT,0,0,,,CUT,423302,2019
7,,0,CUT,0,0,,,CUT,423302,2019
8,,0,CUT,0,0,,,CUT,423302,2019
9,,0,CUT,0,0,,,CUT,423302,2019
10,,0,CUT,0,0,,,CUT,423302,2019
11,,0,CUT,0,0,,,CUT,423302,2019
12,,0,CUT,0,0,,,CUT,423302,2019
1,18 pts,22,57,1,18,CAP+8,CAP+8,57,1692338,2019
2,2 pts,10,73T,1,2,CAP+2,CAP+2,73T,1692338,2019
3,,0,CUT,0,0,,,CUT,1692338,2019
4,,0,CUT,0,0,,,CUT,1692338,2019
5,,0,CUT,0,0,,,CUT,1692338,2019
6,,0,CUT,0,0,,,CUT,1692338,2019
7,,0,CUT,0,0,,,CUT,1692338,2019
8,,0,CUT,0,0,,,CUT,1692338,2019
9,,0,CUT,0,0,,,CUT,1692338,2019
10,,0,CUT,0,0,,,CUT,1692338,2019
11,,0,CUT,0,0,,,CUT,1692338,2019
12,,0,CUT,0,0,,,CUT,1692338,2019
1,4 pts,32,71,2,4,CAP+9,CAP+9,71,275390,2019
2,14 pts,3,61,1,14,08:30.1,08:30.1,61,275390,2019
3,,0,CUT,0,0,,,CUT,275390,2019
4,,0,CUT,0,0,,,CUT,275390,2019
5,,0,CUT,0,0,,,CUT,275390,2019
6,,0,CUT,0,0,,,CUT,275390,2019
7,,0,CUT,0,0,,,CUT,275390,2019
8,,0,CUT,0,0,,,CUT,275390,2019
9,,0,CUT,0,0,,,CUT,275390,2019
10,,0,CUT,0,0,,,CUT,275390,2019
11,,0,CUT,0,0,,,CUT,275390,2019
12,,0,CUT,0,0,,,CUT,275390,2019
1,7 pts,14,68,2,7,CAP+9,CAP+9,68,470906,2019
2,11 pts,36,64,1,11,08:57.1,08:57.1,64,470906,2019
3,,0,CUT,0,0,,,CUT,470906,2019
4,,0,CUT,0,0,,,CUT,470906,2019
5,,0,CUT,0,0,,,CUT,470906,2019
6,,0,CUT,0,0,,,CUT,470906,2019
7,,0,CUT,0,0,,,CUT,470906,2019
8,,0,CUT,0,0,,,CUT,470906,2019
9,,0,CUT,0,0,,,CUT,470906,2019
10,,0,CUT,0,0,,,CUT,470906,2019
11,,0,CUT,0,0,,,CUT,470906,2019
12,,0,CUT,0,0,,,CUT,470906,2019
1,6 pts,46,69,2,6,CAP+9,CAP+9,69,667464,2019
2,10 pts,4,65,1,10,09:06.0,09:06.0,65,667464,2019
3,,0,CUT,0,0,,,CUT,667464,2019
4,,0,CUT,0,0,,,CUT,667464,2019
5,,0,CUT,0,0,,,CUT,667464,2019
6,,0,CUT,0,0,,,CUT,667464,2019
7,,0,CUT,0,0,,,CUT,667464,2019
8,,0,CUT,0,0,,,CUT,667464,2019
9,,0,CUT,0,0,,,CUT,667464,2019
10,,0,CUT,0,0,,,CUT,667464,2019
11,,0,CUT,0,0,,,CUT,667464,2019
12,,0,CUT,0,0,,,CUT,667464,2019
1,9 pts,45,66,2,9,CAP+9,CAP+9,66,1076087,2019
2,4 pts,35,71T,1,4,CAP+1,CAP+1,71T,1076087,2019
3,,0,CUT,0,0,,,CUT,1076087,2019
4,,0,CUT,0,0,,,CUT,1076087,2019
5,,0,CUT,0,0,,,CUT,1076087,2019
6,,0,CUT,0,0,,,CUT,1076087,2019
7,,0,CUT,0,0,,,CUT,1076087,2019
8,,0,CUT,0,0,,,CUT,1076087,2019
9,,0,CUT,0,0,,,CUT,1076087,2019
10,,0,CUT,0,0,,,CUT,1076087,2019
11,,0,CUT,0,0,,,CUT,1076087,2019
12,,0,CUT,0,0,,,CUT,1076087,2019
1,0 pts,37,75,2,0,CAP+11,CAP+11,75,1178252,2019
2,7 pts,1,68,1,7,09:28.1,09:28.1,68,1178252,2019
3,,0,CUT,0,0,,,CUT,1178252,2019
4,,0,CUT,0,0,,,CUT,1178252,2019
5,,0,CUT,0,0,,,CUT,1178252,2019
6,,0,CUT,0,0,,,CUT,1178252,2019
7,,0,CUT,0,0,,,CUT,1178252,2019
8,,0,CUT,0,0,,,CUT,1178252,2019
9,,0,CUT,0,0,,,CUT,1178252,2019
10,,0,CUT,0,0,,,CUT,1178252,2019
11,,0,CUT,0,0,,,CUT,1178252,2019
12,,0,CUT,0,0,,,CUT,1178252,2019
1,-1 pts,18,76,1,-1,CAP+11,CAP+11,76,844066,2019
2,4 pts,40,71T,1,4,CAP+1,CAP+1,71T,844066,2019
3,,0,CUT,0,0,,,CUT,844066,2019
4,,0,CUT,0,0,,,CUT,844066,2019
5,,0,CUT,0,0,,,CUT,844066,2019
6,,0,CUT,0,0,,,CUT,844066,2019
7,,0,CUT,0,0,,,CUT,844066,2019
8,,0,CUT,0,0,,,CUT,844066,2019
9,,0,CUT,0,0,,,CUT,844066,2019
10,,0,CUT,0,0,,,CUT,844066,2019
11,,0,CUT,0,0,,,CUT,844066,2019
12,,0,CUT,0,0,,,CUT,844066,2019
1,1 pts,25,74,1,1,CAP+11,CAP+11,74,105253,2019
2,2 pts,39,73T,1,2,CAP+2,CAP+2,73T,105253,2019
3,,0,CUT,0,0,,,CUT,105253,2019
4,,0,CUT,0,0,,,CUT,105253,2019
5,,0,CUT,0,0,,,CUT,105253,2019
6,,0,CUT,0,0,,,CUT,105253,2019
7,,0,CUT,0,0,,,CUT,105253,2019
8,,0,CUT,0,0,,,CUT,105253,2019
9,,0,CUT,0,0,,,CUT,105253,2019
10,,0,CUT,0,0,,,CUT,105253,2019
11,,0,CUT,0,0,,,CUT,105253,2019
12,,0,CUT,0,0,,,CUT,105253,2019
1,-2 pts,28,77,1,-2,CAP+11,CAP+11,77,703126,2019
2,,0,CUT,0,0,,,CUT,703126,2019
3,,0,CUT,0,0,,,CUT,703126,2019
4,,0,CUT,0,0,,,CUT,703126,2019
5,,0,CUT,0,0,,,CUT,703126,2019
6,,0,CUT,0,0,,,CUT,703126,2019
7,,0,CUT,0,0,,,CUT,703126,2019
8,,0,CUT,0,0,,,CUT,703126,2019
9,,0,CUT,0,0,,,CUT,703126,2019
10,,0,CUT,0,0,,,CUT,703126,2019
11,,0,CUT,0,0,,,CUT,703126,2019
12,,0,CUT,0,0,,,CUT,703126,2019
1,-3 pts,49,78,2,-3,CAP+11,CAP+11,78,683220,2019
2,,0,CUT,0,0,,,CUT,683220,2019
3,,0,CUT,0,0,,,CUT,683220,2019
4,,0,CUT,0,0,,,CUT,683220,2019
5,,0,CUT,0,0,,,CUT,683220,2019
6,,0,CUT,0,0,,,CUT,683220,2019
7,,0,CUT,0,0,,,CUT,683220,2019
8,,0,CUT,0,0,,,CUT,683220,2019
9,,0,CUT,0,0,,,CUT,683220,2019
10,,0,CUT,0,0,,,CUT,683220,2019
11,,0,CUT,0,0,,,CUT,683220,2019
12,,0,CUT,0,0,,,CUT,683220,2019
1,-4 pts,42,79,2,-4,CAP+11,CAP+11,79,213806,2019
2,,0,CUT,0,0,,,CUT,213806,2019
3,,0,CUT,0,0,,,CUT,213806,2019
4,,0,CUT,0,0,,,CUT,213806,2019
5,,0,CUT,0,0,,,CUT,213806,2019
6,,0,CUT,0,0,,,CUT,213806,2019
7,,0,CUT,0,0,,,CUT,213806,2019
8,,0,CUT,0,0,,,CUT,213806,2019
9,,0,CUT,0,0,,,CUT,213806,2019
10,,0,CUT,0,0,,,CUT,213806,2019
11,,0,CUT,0,0,,,CUT,213806,2019
12,,0,CUT,0,0,,,CUT,213806,2019
1,-5 pts,36,80,1,-5,CAP+11,CAP+11,80,1523179,2019
2,,0,CUT,0,0,,,CUT,1523179,2019
3,,0,CUT,0,0,,,CUT,1523179,2019
4,,0,CUT,0,0,,,CUT,1523179,2019
5,,0,CUT,0,0,,,CUT,1523179,2019
6,,0,CUT,0,0,,,CUT,1523179,2019
7,,0,CUT,0,0,,,CUT,1523179,2019
8,,0,CUT,0,0,,,CUT,1523179,2019
9,,0,CUT,0,0,,,CUT,1523179,2019
10,,0,CUT,0,0,,,CUT,1523179,2019
11,,0,CUT,0,0,,,CUT,1523179,2019
12,,0,CUT,0,0,,,CUT,1523179,2019
1,-6 pts,13,81,2,-6,CAP+11,CAP+11,81,233855,2019
2,,0,CUT,0,0,,,CUT,233855,2019
3,,0,CUT,0,0,,,CUT,233855,2019
4,,0,CUT,0,0,,,CUT,233855,2019
5,,0,CUT,0,0,,,CUT,233855,2019
6,,0,CUT,0,0,,,CUT,233855,2019
7,,0,CUT,0,0,,,CUT,233855,2019
8,,0,CUT,0,0,,,CUT,233855,2019
9,,0,CUT,0,0,,,CUT,233855,2019
10,,0,CUT,0,0,,,CUT,233855,2019
11,,0,CUT,0,0,,,CUT,233855,2019
12,,0,CUT,0,0,,,CUT,233855,2019
1,-7 pts,29,82,1,-7,CAP+11,CAP+11,82,256607,2019
2,,0,CUT,0,0,,,CUT,256607,2019
3,,0,CUT,0,0,,,CUT,256607,2019
4,,0,CUT,0,0,,,CUT,256607,2019
5,,0,CUT,0,0,,,CUT,256607,2019
6,,0,CUT,0,0,,,CUT,256607,2019
7,,0,CUT,0,0,,,CUT,256607,2019
8,,0,CUT,0,0,,,CUT,256607,2019
9,,0,CUT,0,0,,,CUT,256607,2019
10,,0,CUT,0,0,,,CUT,256607,2019
11,,0,CUT,0,0,,,CUT,256607,2019
12,,0,CUT,0,0,,,CUT,256607,2019
1,-8 pts,21,83,2,-8,CAP+11,CAP+11,83,93473,2019
2,,0,CUT,0,0,,,CUT,93473,2019
3,,0,CUT,0,0,,,CUT,93473,2019
4,,0,CUT,0,0,,,CUT,93473,2019
5,,0,CUT,0,0,,,CUT,93473,2019
6,,0,CUT,0,0,,,CUT,93473,2019
7,,0,CUT,0,0,,,CUT,93473,2019
8,,0,CUT,0,0,,,CUT,93473,2019
9,,0,CUT,0,0,,,CUT,93473,2019
10,,0,CUT,0,0,,,CUT,93473,2019
11,,0,CUT,0,0,,,CUT,93473,2019
12,,0,CUT,0,0,,,CUT,93473,2019
1,-9 pts,23,84,1,-9,CAP+11,CAP+11,84,191624,2019
2,,0,CUT,0,0,,,CUT,191624,2019
3,,0,CUT,0,0,,,CUT,191624,2019
4,,0,CUT,0,0,,,CUT,191624,2019
5,,0,CUT,0,0,,,CUT,191624,2019
6,,0,CUT,0,0,,,CUT,191624,2019
7,,0,CUT,0,0,,,CUT,191624,2019
8,,0,CUT,0,0,,,CUT,191624,2019
9,,0,CUT,0,0,,,CUT,191624,2019
10,,0,CUT,0,0,,,CUT,191624,2019
11,,0,CUT,0,0,,,CUT,191624,2019
12,,0,CUT,0,0,,,CUT,191624,2019
1,-10 pts,28,85,3,-10,CAP+11,CAP+11,85,308712,2019
2,,0,CUT,0,0,,,CUT,308712,2019
3,,0,CUT,0,0,,,CUT,308712,2019
4,,0,CUT,0,0,,,CUT,308712,2019
5,,0,CUT,0,0,,,CUT,308712,2019
6,,0,CUT,0,0,,,CUT,308712,2019
7,,0,CUT,0,0,,,CUT,308712,2019
8,,0,CUT,0,0,,,CUT,308712,2019
9,,0,CUT,0,0,,,CUT,308712,2019
10,,0,CUT,0,0,,,CUT,308712,2019
11,,0,CUT,0,0,,,CUT,308712,2019
12,,0,CUT,0,0,,,CUT,308712,2019
1,-11 pts,27,86,1,-11,CAP+11,CAP+11,86,434258,2019
2,,0,CUT,0,0,,,CUT,434258,2019
3,,0,CUT,0,0,,,CUT,434258,2019
4,,0,CUT,0,0,,,CUT,434258,2019
5,,0,CUT,0,0,,,CUT,434258,2019
6,,0,CUT,0,0,,,CUT,434258,2019
7,,0,CUT,0,0,,,CUT,434258,2019
8,,0,CUT,0,0,,,CUT,434258,2019
9,,0,CUT,0,0,,,CUT,434258,2019
10,,0,CUT,0,0,,,CUT,434258,2019
11,,0,CUT,0,0,,,CUT,434258,2019
12,,0,CUT,0,0,,,CUT,434258,2019
1,-12 pts,30,87,1,-12,CAP+11,CAP+11,87,345700,2019
2,,0,CUT,0,0,,,CUT,345700,2019
3,,0,CUT,0,0,,,CUT,345700,2019
4,,0,CUT,0,0,,,CUT,345700,2019
5,,0,CUT,0,0,,,CUT,345700,2019
6,,0,CUT,0,0,,,CUT,345700,2019
7,,0,CUT,0,0,,,CUT,345700,2019
8,,0,CUT,0,0,,,CUT,345700,2019
9,,0,CUT,0,0,,,CUT,345700,2019
10,,0,CUT,0,0,,,CUT,345700,2019
11,,0,CUT,0,0,,,CUT,345700,2019
12,,0,CUT,0,0,,,CUT,345700,2019
1,-13 pts,19,88,3,-13,CAP+11,CAP+11,88,247005,2019
2,,0,CUT,0,0,,,CUT,247005,2019
3,,0,CUT,0,0,,,CUT,247005,2019
4,,0,CUT,0,0,,,CUT,247005,2019
5,,0,CUT,0,0,,,CUT,247005,2019
6,,0,CUT,0,0,,,CUT,247005,2019
7,,0,CUT,0,0,,,CUT,247005,2019
8,,0,CUT,0,0,,,CUT,247005,2019
9,,0,CUT,0,0,,,CUT,247005,2019
10,,0,CUT,0,0,,,CUT,247005,2019
11,,0,CUT,0,0,,,CUT,247005,2019
12,,0,CUT,0,0,,,CUT,247005,2019
1,-14 pts,9,89,1,-14,CAP+11,CAP+11,89,1721,2019
2,,0,CUT,0,0,,,CUT,1721,2019
3,,0,CUT,0,0,,,CUT,1721,2019
4,,0,CUT,0,0,,,CUT,1721,2019
5,,0,CUT,0,0,,,CUT,1721,2019
6,,0,CUT,0,0,,,CUT,1721,2019
7,,0,CUT,0,0,,,CUT,1721,2019
8,,0,CUT,0,0,,,CUT,1721,2019
9,,0,CUT,0,0,,,CUT,1721,2019
10,,0,CUT,0,0,,,CUT,1721,2019
11,,0,CUT,0,0,,,CUT,1721,2019
12,,0,CUT,0,0,,,CUT,1721,2019
1,-15 pts,20,90,3,-15,CAP+11,CAP+11,90,755342,2019
2,,0,CUT,0,0,,,CUT,755342,2019
3,,0,CUT,0,0,,,CUT,755342,2019
4,,0,CUT,0,0,,,CUT,755342,2019
5,,0,CUT,0,0,,,CUT,755342,2019
6,,0,CUT,0,0,,,CUT,755342,2019
7,,0,CUT,0,0,,,CUT,755342,2019
8,,0,CUT,0,0,,,CUT,755342,2019
9,,0,CUT,0,0,,,CUT,755342,2019
10,,0,CUT,0,0,,,CUT,755342,2019
11,,0,CUT,0,0,,,CUT,755342,2019
12,,0,CUT,0,0,,,CUT,755342,2019
1,-16 pts,16,91,1,-16,CAP+12,CAP+12,91,733576,2019
2,,0,CUT,0,0,,,CUT,733576,2019
3,,0,CUT,0,0,,,CUT,733576,2019
4,,0,CUT,0,0,,,CUT,733576,2019
5,,0,CUT,0,0,,,CUT,733576,2019
6,,0,CUT,0,0,,,CUT,733576,2019
7,,0,CUT,0,0,,,CUT,733576,2019
8,,0,CUT,0,0,,,CUT,733576,2019
9,,0,CUT,0,0,,,CUT,733576,2019
10,,0,CUT,0,0,,,CUT,733576,2019
11,,0,CUT,0,0,,,CUT,733576,2019
12,,0,CUT,0,0,,,CUT,733576,2019
1,-17 pts,3,92,2,-17,CAP+14,CAP+14,92,658408,2019
2,,0,CUT,0,0,,,CUT,658408,2019
3,,0,CUT,0,0,,,CUT,658408,2019
4,,0,CUT,0,0,,,CUT,658408,2019
5,,0,CUT,0,0,,,CUT,658408,2019
6,,0,CUT,0,0,,,CUT,658408,2019
7,,0,CUT,0,0,,,CUT,658408,2019
8,,0,CUT,0,0,,,CUT,658408,2019
9,,0,CUT,0,0,,,CUT,658408,2019
10,,0,CUT,0,0,,,CUT,658408,2019
11,,0,CUT,0,0,,,CUT,658408,2019
12,,0,CUT,0,0,,,CUT,658408,2019
1,-18 pts,7,93,2,-18,CAP+14,CAP+14,93,326958,2019
2,,0,CUT,0,0,,,CUT,326958,2019
3,,0,CUT,0,0,,,CUT,326958,2019
4,,0,CUT,0,0,,,CUT,326958,2019
5,,0,CUT,0,0,,,CUT,326958,2019
6,,0,CUT,0,0,,,CUT,326958,2019
7,,0,CUT,0,0,,,CUT,326958,2019
8,,0,CUT,0,0,,,CUT,326958,2019
9,,0,CUT,0,0,,,CUT,326958,2019
10,,0,CUT,0,0,,,CUT,326958,2019
11,,0,CUT,0,0,,,CUT,326958,2019
12,,0,CUT,0,0,,,CUT,326958,2019
1,-19 pts,39,94,3,-19,CAP+14,CAP+14,94,179080,2019
2,,0,CUT,0,0,,,CUT,179080,2019
3,,0,CUT,0,0,,,CUT,179080,2019
4,,0,CUT,0,0,,,CUT,179080,2019
5,,0,CUT,0,0,,,CUT,179080,2019
6,,0,CUT,0,0,,,CUT,179080,2019
7,,0,CUT,0,0,,,CUT,179080,2019
8,,0,CUT,0,0,,,CUT,179080,2019
9,,0,CUT,0,0,,,CUT,179080,2019
10,,0,CUT,0,0,,,CUT,179080,2019
11,,0,CUT,0,0,,,CUT,179080,2019
12,,0,CUT,0,0,,,CUT,179080,2019
1,-20 pts,2,95,1,-20,CAP+15,CAP+15,95,9839,2019
2,,0,CUT,0,0,,,CUT,9839,2019
3,,0,CUT,0,0,,,CUT,9839,2019
4,,0,CUT,0,0,,,CUT,9839,2019
5,,0,CUT,0,0,,,CUT,9839,2019
6,,0,CUT,0,0,,,CUT,9839,2019
7,,0,CUT,0,0,,,CUT,9839,2019
8,,0,CUT,0,0,,,CUT,9839,2019
9,,0,CUT,0,0,,,CUT,9839,2019
10,,0,CUT,0,0,,,CUT,9839,2019
11,,0,CUT,0,0,,,CUT,9839,2019
12,,0,CUT,0,0,,,CUT,9839,2019
1,-21 pts,10,96,1,-21,CAP+16,CAP+16,96,595818,2019
2,,0,CUT,0,0,,,CUT,595818,2019
3,,0,CUT,0,0,,,CUT,595818,2019
4,,0,CUT,0,0,,,CUT,595818,2019
5,,0,CUT,0,0,,,CUT,595818,2019
6,,0,CUT,0,0,,,CUT,595818,2019
7,,0,CUT,0,0,,,CUT,595818,2019
8,,0,CUT,0,0,,,CUT,595818,2019
9,,0,CUT,0,0,,,CUT,595818,2019
10,,0,CUT,0,0,,,CUT,595818,2019
11,,0,CUT,0,0,,,CUT,595818,2019
12,,0,CUT,0,0,,,CUT,595818,2019
1,-22 pts,33,97,1,-22,CAP+17,CAP+17,97,1402559,2019
2,,0,CUT,0,0,,,CUT,1402559,2019
3,,0,CUT,0,0,,,CUT,1402559,2019
4,,0,CUT,0,0,,,CUT,1402559,2019
5,,0,CUT,0,0,,,CUT,1402559,2019
6,,0,CUT,0,0,,,CUT,1402559,2019
7,,0,CUT,0,0,,,CUT,1402559,2019
8,,0,CUT,0,0,,,CUT,1402559,2019
9,,0,CUT,0,0,,,CUT,1402559,2019
10,,0,CUT,0,0,,,CUT,1402559,2019
11,,0,CUT,0,0,,,CUT,1402559,2019
12,,0,CUT,0,0,,,CUT,1402559,2019
1,-23 pts,37,98,1,-23,CAP+18,CAP+18,98,34025,2019
2,,0,CUT,0,0,,,CUT,34025,2019
3,,0,CUT,0,0,,,CUT,34025,2019
4,,0,CUT,0,0,,,CUT,34025,2019
5,,0,CUT,0,0,,,CUT,34025,2019
6,,0,CUT,0,0,,,CUT,34025,2019
7,,0,CUT,0,0,,,CUT,34025,2019
8,,0,CUT,0,0,,,CUT,34025,2019
9,,0,CUT,0,0,,,CUT,34025,2019
10,,0,CUT,0,0,,,CUT,34025,2019
11,,0,CUT,0,0,,,CUT,34025,2019
12,,0,CUT,0,0,,,CUT,34025,2019
1,-24 pts,31,99,1,-24,CAP+18,CAP+18,99,297397,2019
2,,0,CUT,0,0,,,CUT,297397,2019
3,,0,CUT,0,0,,,CUT,297397,2019
4,,0,CUT,0,0,,,CUT,297397,2019
5,,4,CUT,1,0,,,CUT,297397,2019
6,,0,CUT,0,0,,,CUT,297397,2019
7,,0,CUT,0,0,,,CUT,297397,2019
8,,0,CUT,0,0,,,CUT,297397,2019
9,,0,CUT,0,0,,,CUT,297397,2019
10,,0,CUT,0,0,,,CUT,297397,2019
11,,0,CUT,0,0,,,CUT,297397,2019
12,,0,CUT,0,0,,,CUT,297397,2019
1,-25 pts,33,100,3,-25,CAP+19,CAP+19,100,571999,2019
2,,0,CUT,0,0,,,CUT,571999,2019
3,,0,CUT,0,0,,,CUT,571999,2019
4,,0,CUT,0,0,,,CUT,571999,2019
5,,0,CUT,0,0,,,CUT,571999,2019
6,,0,CUT,0,0,,,CUT,571999,2019
7,,0,CUT,0,0,,,CUT,571999,2019
8,,0,CUT,0,0,,,CUT,571999,2019
9,,0,CUT,0,0,,,CUT,571999,2019
10,,0,CUT,0,0,,,CUT,571999,2019
11,,0,CUT,0,0,,,CUT,571999,2019
12,,0,CUT,0,0,,,CUT,571999,2019
1,-26 pts,9,101,2,-26,CAP+19,CAP+19,101,458360,2019
2,,0,CUT,0,0,,,CUT,458360,2019
3,,0,CUT,0,0,,,CUT,458360,2019
4,,0,CUT,0,0,,,CUT,458360,2019
5,,0,CUT,0,0,,,CUT,458360,2019
6,,0,CUT,0,0,,,CUT,458360,2019
7,,0,CUT,0,0,,,CUT,458360,2019
8,,0,CUT,0,0,,,CUT,458360,2019
9,,0,CUT,0,0,,,CUT,458360,2019
10,,0,CUT,0,0,,,CUT,458360,2019
11,,0,CUT,0,0,,,CUT,458360,2019
12,,0,CUT,0,0,,,CUT,458360,2019
1,-27 pts,50,102,2,-27,CAP+19,CAP+19,102,907105,2019
2,,0,CUT,0,0,,,CUT,907105,2019
3,,0,CUT,0,0,,,CUT,907105,2019
4,,0,CUT,0,0,,,CUT,907105,2019
5,,0,CUT,0,0,,,CUT,907105,2019
6,,0,CUT,0,0,,,CUT,907105,2019
7,,0,CUT,0,0,,,CUT,907105,2019
8,,0,CUT,0,0,,,CUT,907105,2019
9,,0,CUT,0,0,,,CUT,907105,2019
10,,0,CUT,0,0,,,CUT,907105,2019
11,,0,CUT,0,0,,,CUT,907105,2019
12,,0,CUT,0,0,,,CUT,907105,2019
1,-28 pts,12,103,2,-28,CAP+19,CAP+19,103,675164,2019
2,,0,CUT,0,0,,,CUT,675164,2019
3,,0,CUT,0,0,,,CUT,675164,2019
4,,0,CUT,0,0,,,CUT,675164,2019
5,,0,CUT,0,0,,,CUT,675164,2019
6,,0,CUT,0,0,,,CUT,675164,2019
7,,0,CUT,0,0,,,CUT,675164,2019
8,,0,CUT,0,0,,,CUT,675164,2019
9,,0,CUT,0,0,,,CUT,675164,2019
10,,0,CUT,0,0,,,CUT,675164,2019
11,,0,CUT,0,0,,,CUT,675164,2019
12,,0,CUT,0,0,,,CUT,675164,2019
1,-29 pts,13,104,1,-29,CAP+19,CAP+19,104,25613,2019
2,,0,CUT,0,0,,,CUT,25613,2019
3,,0,CUT,0,0,,,CUT,25613,2019
4,,0,CUT,0,0,,,CUT,25613,2019
5,,0,CUT,0,0,,,CUT,25613,2019
6,,0,CUT,0,0,,,CUT,25613,2019
7,,0,CUT,0,0,,,CUT,25613,2019
8,,0,CUT,0,0,,,CUT,25613,2019
9,,0,CUT,0,0,,,CUT,25613,2019
10,,0,CUT,0,0,,,CUT,25613,2019
11,,0,CUT,0,0,,,CUT,25613,2019
12,,0,CUT,0,0,,,CUT,25613,2019
1,-30 pts,12,105,1,-30,CAP+19,CAP+19,105,495051,2019
2,,0,CUT,0,0,,,CUT,495051,2019
3,,0,CUT,0,0,,,CUT,495051,2019
4,,0,CUT,0,0,,,CUT,495051,2019
5,,0,CUT,0,0,,,CUT,495051,2019
6,,0,CUT,0,0,,,CUT,495051,2019
7,,0,CUT,0,0,,,CUT,495051,2019
8,,0,CUT,0,0,,,CUT,495051,2019
9,,0,CUT,0,0,,,CUT,495051,2019
10,,0,CUT,0,0,,,CUT,495051,2019
11,,0,CUT,0,0,,,CUT,495051,2019
12,,0,CUT,0,0,,,CUT,495051,2019
1,-31 pts,18,106,3,-31,CAP+19,CAP+19,106,337194,2019
2,,0,CUT,0,0,,,CUT,337194,2019
3,,0,CUT,0,0,,,CUT,337194,2019
4,,0,CUT,0,0,,,CUT,337194,2019
5,,0,CUT,0,0,,,CUT,337194,2019
6,,0,CUT,0,0,,,CUT,337194,2019
7,,0,CUT,0,0,,,CUT,337194,2019
8,,0,CUT,0,0,,,CUT,337194,2019
9,,0,CUT,0,0,,,CUT,337194,2019
10,,0,CUT,0,0,,,CUT,337194,2019
11,,0,CUT,0,0,,,CUT,337194,2019
12,,0,CUT,0,0,,,CUT,337194,2019
1,-32 pts,40,107,3,-32,CAP+20,CAP+20,107,20698,2019
2,,0,CUT,0,0,,,CUT,20698,2019
3,,0,CUT,0,0,,,CUT,20698,2019
4,,0,CUT,0,0,,,CUT,20698,2019
5,,0,CUT,0,0,,,CUT,20698,2019
6,,0,CUT,0,0,,,CUT,20698,2019
7,,0,CUT,0,0,,,CUT,20698,2019
8,,0,CUT,0,0,,,CUT,20698,2019
9,,0,CUT,0,0,,,CUT,20698,2019
10,,0,CUT,0,0,,,CUT,20698,2019
11,,0,CUT,0,0,,,CUT,20698,2019
12,,0,CUT,0,0,,,CUT,20698,2019
1,-33 pts,34,108,2,-33,CAP+20,CAP+20,108,278578,2019
2,,0,CUT,0,0,,,CUT,278578,2019
3,,0,CUT,0,0,,,CUT,278578,2019
4,,0,CUT,0,0,,,CUT,278578,2019
5,,0,CUT,0,0,,,CUT,278578,2019
6,,0,CUT,0,0,,,CUT,278578,2019
7,,0,CUT,0,0,,,CUT,278578,2019
8,,0,CUT,0,0,,,CUT,278578,2019
9,,0,CUT,0,0,,,CUT,278578,2019
10,,0,CUT,0,0,,,CUT,278578,2019
11,,0,CUT,0,0,,,CUT,278578,2019
12,,0,CUT,0,0,,,CUT,278578,2019
1,-34 pts,34,109,1,-34,CAP+20,CAP+20,109,227027,2019
2,,0,CUT,0,0,,,CUT,227027,2019
3,,0,CUT,0,0,,,CUT,227027,2019
4,,0,CUT,0,0,,,CUT,227027,2019
5,,0,CUT,0,0,,,CUT,227027,2019
6,,0,CUT,0,0,,,CUT,227027,2019
7,,0,CUT,0,0,,,CUT,227027,2019
8,,0,CUT,0,0,,,CUT,227027,2019
9,,0,CUT,0,0,,,CUT,227027,2019
10,,0,CUT,0,0,,,CUT,227027,2019
11,,0,CUT,0,0,,,CUT,227027,2019
12,,0,CUT,0,0,,,CUT,227027,2019
1,-35 pts,17,110,1,-35,CAP+21,CAP+21,110,32083,2019
2,,0,CUT,0,0,,,CUT,32083,2019
3,,0,CUT,0,0,,,CUT,32083,2019
4,,0,CUT,0,0,,,CUT,32083,2019
5,,0,CUT,0,0,,,CUT,32083,2019
6,,0,CUT,0,0,,,CUT,32083,2019
7,,0,CUT,0,0,,,CUT,32083,2019
8,,0,CUT,0,0,,,CUT,32083,2019
9,,0,CUT,0,0,,,CUT,32083,2019
10,,0,CUT,0,0,,,CUT,32083,2019
11,,0,CUT,0,0,,,CUT,32083,2019
12,,0,CUT,0,0,,,CUT,32083,2019
1,-36 pts,44,111,1,-36,CAP+22,CAP+22,111,916290,2019
2,,0,CUT,0,0,,,CUT,916290,2019
3,,0,CUT,0,0,,,CUT,916290,2019
4,,0,CUT,0,0,,,CUT,916290,2019
5,,0,CUT,0,0,,,CUT,916290,2019
6,,0,CUT,0,0,,,CUT,916290,2019
7,,0,CUT,0,0,,,CUT,916290,2019
8,,0,CUT,0,0,,,CUT,916290,2019
9,,0,CUT,0,0,,,CUT,916290,2019
10,,0,CUT,0,0,,,CUT,916290,2019
11,,0,CUT,0,0,,,CUT,916290,2019
12,,0,CUT,0,0,,,CUT,916290,2019
1,-37 pts,11,112,1,-37,CAP+22,CAP+22,112,683301,2019
2,,0,CUT,0,0,,,CUT,683301,2019
3,,0,CUT,0,0,,,CUT,683301,2019
4,,0,CUT,0,0,,,CUT,683301,2019
5,,0,CUT,0,0,,,CUT,683301,2019
6,,0,CUT,0,0,,,CUT,683301,2019
7,,0,CUT,0,0,,,CUT,683301,2019
8,,0,CUT,0,0,,,CUT,683301,2019
9,,0,CUT,0,0,,,CUT,683301,2019
10,,0,CUT,0,0,,,CUT,683301,2019
11,,0,CUT,0,0,,,CUT,683301,2019
12,,0,CUT,0,0,,,CUT,683301,2019
1,-38 pts,19,113,1,-38,CAP+24,CAP+24,113,523439,2019
2,,0,CUT,0,0,,,CUT,523439,2019
3,,0,CUT,0,0,,,CUT,523439,2019
4,,0,CUT,0,0,,,CUT,523439,2019
5,,0,CUT,0,0,,,CUT,523439,2019
6,,0,CUT,0,0,,,CUT,523439,2019
7,,0,CUT,0,0,,,CUT,523439,2019
8,,0,CUT,0,0,,,CUT,523439,2019
9,,0,CUT,0,0,,,CUT,523439,2019
10,,0,CUT,0,0,,,CUT,523439,2019
11,,0,CUT,0,0,,,CUT,523439,2019
12,,0,CUT,0,0,,,CUT,523439,2019
1,-39 pts,39,114,1,-39,CAP+25,CAP+25,114,639107,2019
2,,0,CUT,0,0,,,CUT,639107,2019
3,,0,CUT,0,0,,,CUT,639107,2019
4,,0,CUT,0,0,,,CUT,639107,2019
5,,0,CUT,0,0,,,CUT,639107,2019
6,,0,CUT,0,0,,,CUT,639107,2019
7,,0,CUT,0,0,,,CUT,639107,2019
8,,0,CUT,0,0,,,CUT,639107,2019
9,,0,CUT,0,0,,,CUT,639107,2019
10,,0,CUT,0,0,,,CUT,639107,2019
11,,0,CUT,0,0,,,CUT,639107,2019
12,,0,CUT,0,0,,,CUT,639107,2019
1,-40 pts,48,115,2,-40,CAP+25,CAP+25,115,915210,2019
2,,0,CUT,0,0,,,CUT,915210,2019
3,,0,CUT,0,0,,,CUT,915210,2019
4,,0,CUT,0,0,,,CUT,915210,2019
5,,0,CUT,0,0,,,CUT,915210,2019
6,,0,CUT,0,0,,,CUT,915210,2019
7,,0,CUT,0,0,,,CUT,915210,2019
8,,0,CUT,0,0,,,CUT,915210,2019
9,,0,CUT,0,0,,,CUT,915210,2019
10,,0,CUT,0,0,,,CUT,915210,2019
11,,0,CUT,0,0,,,CUT,915210,2019
12,,0,CUT,0,0,,,CUT,915210,2019
1,-41 pts,40,116,1,-41,CAP+26,CAP+26,116,1129621,2019
2,,0,CUT,0,0,,,CUT,1129621,2019
3,,0,CUT,0,0,,,CUT,1129621,2019
4,,0,CUT,0,0,,,CUT,1129621,2019
5,,0,CUT,0,0,,,CUT,1129621,2019
6,,0,CUT,0,0,,,CUT,1129621,2019
7,,0,CUT,0,0,,,CUT,1129621,2019
8,,0,CUT,0,0,,,CUT,1129621,2019
9,,0,CUT,0,0,,,CUT,1129621,2019
10,,0,CUT,0,0,,,CUT,1129621,2019
11,,0,CUT,0,0,,,CUT,1129621,2019
12,,0,CUT,0,0,,,CUT,1129621,2019
1,-42 pts,3,117,1,-42,CAP+27,CAP+27,117,921544,2019
2,,0,CUT,0,0,,,CUT,921544,2019
3,,0,CUT,0,0,,,CUT,921544,2019
4,,0,CUT,0,0,,,CUT,921544,2019
5,,3,CUT,1,0,,,CUT,921544,2019
6,,0,CUT,0,0,,,CUT,921544,2019
7,,0,CUT,0,0,,,CUT,921544,2019
8,,0,CUT,0,0,,,CUT,921544,2019
9,,0,CUT,0,0,,,CUT,921544,2019
10,,0,CUT,0,0,,,CUT,921544,2019
11,,0,CUT,0,0,,,CUT,921544,2019
12,,0,CUT,0,0,,,CUT,921544,2019
1,-43 pts,38,118,1,-43,CAP+30,CAP+30,118,722854,2019
2,,0,CUT,0,0,,,CUT,722854,2019
3,,0,CUT,0,0,,,CUT,722854,2019
4,,0,CUT,0,0,,,CUT,722854,2019
5,,0,CUT,0,0,,,CUT,722854,2019
6,,0,CUT,0,0,,,CUT,722854,2019
7,,0,CUT,0,0,,,CUT,722854,2019
8,,0,CUT,0,0,,,CUT,722854,2019
9,,0,CUT,0,0,,,CUT,722854,2019
10,,0,CUT,0,0,,,CUT,722854,2019
11,,0,CUT,0,0,,,CUT,722854,2019
12,,0,CUT,0,0,,,CUT,722854,2019
1,-44 pts,43,119,2,-44,CAP+30,CAP+30,119,781908,2019
2,,0,CUT,0,0,,,CUT,781908,2019
3,,0,CUT,0,0,,,CUT,781908,2019
4,,0,CUT,0,0,,,CUT,781908,2019
5,,0,CUT,0,0,,,CUT,781908,2019
6,,0,CUT,0,0,,,CUT,781908,2019
7,,0,CUT,0,0,,,CUT,781908,2019
8,,0,CUT,0,0,,,CUT,781908,2019
9,,0,CUT,0,0,,,CUT,781908,2019
10,,0,CUT,0,0,,,CUT,781908,2019
11,,0,CUT,0,0,,,CUT,781908,2019
12,,0,CUT,0,0,,,CUT,781908,2019
1,-45 pts,42,120,1,-45,CAP+30,CAP+30,120,352604,2019
2,,0,CUT,0,0,,,CUT,352604,2019
3,,0,CUT,0,0,,,CUT,352604,2019
4,,0,CUT,0,0,,,CUT,352604,2019
5,,0,CUT,0,0,,,CUT,352604,2019
6,,0,CUT,0,0,,,CUT,352604,2019
7,,0,CUT,0,0,,,CUT,352604,2019
8,,0,CUT,0,0,,,CUT,352604,2019
9,,0,CUT,0,0,,,CUT,352604,2019
10,,0,CUT,0,0,,,CUT,352604,2019
11,,0,CUT,0,0,,,CUT,352604,2019
12,,0,CUT,0,0,,,CUT,352604,2019
1,-46 pts,17,121,2,-46,CAP+30,CAP+30,121,327773,2019
2,,0,CUT,0,0,,,CUT,327773,2019
3,,0,CUT,0,0,,,CUT,327773,2019
4,,0,CUT,0,0,,,CUT,327773,2019
5,,0,CUT,0,0,,,CUT,327773,2019
6,,0,CUT,0,0,,,CUT,327773,2019
7,,0,CUT,0,0,,,CUT,327773,2019
8,,0,CUT,0,0,,,CUT,327773,2019
9,,0,CUT,0,0,,,CUT,327773,2019
10,,0,CUT,0,0,,,CUT,327773,2019
11,,0,CUT,0,0,,,CUT,327773,2019
12,,0,CUT,0,0,,,CUT,327773,2019
1,-47 pts,15,122,1,-47,CAP+30,CAP+30,122,848265,2019
2,,0,CUT,0,0,,,CUT,848265,2019
3,,0,CUT,0,0,,,CUT,848265,2019
4,,0,CUT,0,0,,,CUT,848265,2019
5,,0,CUT,0,0,,,CUT,848265,2019
6,,0,CUT,0,0,,,CUT,848265,2019
7,,0,CUT,0,0,,,CUT,848265,2019
8,,0,CUT,0,0,,,CUT,848265,2019
9,,0,CUT,0,0,,,CUT,848265,2019
10,,0,CUT,0,0,,,CUT,848265,2019
11,,0,CUT,0,0,,,CUT,848265,2019
12,,0,CUT,0,0,,,CUT,848265,2019
1,-48 pts,46,123,1,-48,CAP+30,CAP+30,123,235246,2019
2,,0,CUT,0,0,,,CUT,235246,2019
3,,0,CUT,0,0,,,CUT,235246,2019
4,,0,CUT,0,0,,,CUT,235246,2019
5,,0,CUT,0,0,,,CUT,235246,2019
6,,0,CUT,0,0,,,CUT,235246,2019
7,,0,CUT,0,0,,,CUT,235246,2019
8,,0,CUT,0,0,,,CUT,235246,2019
9,,0,CUT,0,0,,,CUT,235246,2019
10,,0,CUT,0,0,,,CUT,235246,2019
11,,0,CUT,0,0,,,CUT,235246,2019
12,,0,CUT,0,0,,,CUT,235246,2019
1,-49 pts,41,124,1,-49,CAP+30,CAP+30,124,644351,2019
2,,0,CUT,0,0,,,CUT,644351,2019
3,,0,CUT,0,0,,,CUT,644351,2019
4,,0,CUT,0,0,,,CUT,644351,2019
5,,0,CUT,0,0,,,CUT,644351,2019
6,,0,CUT,0,0,,,CUT,644351,2019
7,,0,CUT,0,0,,,CUT,644351,2019
8,,0,CUT,0,0,,,CUT,644351,2019
9,,0,CUT,0,0,,,CUT,644351,2019
10,,0,CUT,0,0,,,CUT,644351,2019
11,,0,CUT,0,0,,,CUT,644351,2019
12,,0,CUT,0,0,,,CUT,644351,2019
1,-50 pts,6,125,1,-50,CAP+31,CAP+31,125,54259,2019
2,,0,CUT,0,0,,,CUT,54259,2019
3,,0,CUT,0,0,,,CUT,54259,2019
4,,0,CUT,0,0,,,CUT,54259,2019
5,,0,CUT,0,0,,,CUT,54259,2019
6,,0,CUT,0,0,,,CUT,54259,2019
7,,0,CUT,0,0,,,CUT,54259,2019
8,,0,CUT,0,0,,,CUT,54259,2019
9,,0,CUT,0,0,,,CUT,54259,2019
10,,0,CUT,0,0,,,CUT,54259,2019
11,,0,CUT,0,0,,,CUT,54259,2019
12,,0,CUT,0,0,,,CUT,54259,2019
1,-51 pts,6,126,2,-51,CAP+31,CAP+31,126,296529,2019
2,,0,CUT,0,0,,,CUT,296529,2019
3,,0,CUT,0,0,,,CUT,296529,2019
4,,0,CUT,0,0,,,CUT,296529,2019
5,,0,CUT,0,0,,,CUT,296529,2019
6,,0,CUT,0,0,,,CUT,296529,2019
7,,0,CUT,0,0,,,CUT,296529,2019
8,,0,CUT,0,0,,,CUT,296529,2019
9,,0,CUT,0,0,,,CUT,296529,2019
10,,0,CUT,0,0,,,CUT,296529,2019
11,,0,CUT,0,0,,,CUT,296529,2019
12,,0,CUT,0,0,,,CUT,296529,2019
1,-52 pts,48,127,1,-52,CAP+33,CAP+33,127,1523543,2019
2,,0,CUT,0,0,,,CUT,1523543,2019
3,,0,CUT,0,0,,,CUT,1523543,2019
4,,0,CUT,0,0,,,CUT,1523543,2019
5,,0,CUT,0,0,,,CUT,1523543,2019
6,,0,CUT,0,0,,,CUT,1523543,2019
7,,0,CUT,0,0,,,CUT,1523543,2019
8,,0,CUT,0,0,,,CUT,1523543,2019
9,,0,CUT,0,0,,,CUT,1523543,2019
10,,0,CUT,0,0,,,CUT,1523543,2019
11,,0,CUT,0,0,,,CUT,1523543,2019
12,,0,CUT,0,0,,,CUT,1523543,2019
1,-53 pts,24,128,2,-53,CAP+40,CAP+40,128,544958,2019
2,,0,CUT,0,0,,,CUT,544958,2019
3,,0,CUT,0,0,,,CUT,544958,2019
4,,0,CUT,0,0,,,CUT,544958,2019
5,,0,CUT,0,0,,,CUT,544958,2019
6,,0,CUT,0,0,,,CUT,544958,2019
7,,0,CUT,0,0,,,CUT,544958,2019
8,,0,CUT,0,0,,,CUT,544958,2019
9,,0,CUT,0,0,,,CUT,544958,2019
10,,0,CUT,0,0,,,CUT,544958,2019
11,,0,CUT,0,0,,,CUT,544958,2019
12,,0,CUT,0,0,,,CUT,544958,2019
1,-54 pts,49,129,1,-54,CAP+40,CAP+40,129,1223806,2019
2,,0,CUT,0,0,,,CUT,1223806,2019
3,,0,CUT,0,0,,,CUT,1223806,2019
4,,0,CUT,0,0,,,CUT,1223806,2019
5,,0,CUT,0,0,,,CUT,1223806,2019
6,,0,CUT,0,0,,,CUT,1223806,2019
7,,0,CUT,0,0,,,CUT,1223806,2019
8,,0,CUT,0,0,,,CUT,1223806,2019
9,,0,CUT,0,0,,,CUT,1223806,2019
10,,0,CUT,0,0,,,CUT,1223806,2019
11,,0,CUT,0,0,,,CUT,1223806,2019
12,,0,CUT,0,0,,,CUT,1223806,2019
1,-55 pts,5,130,1,-55,CAP+40,CAP+40,130,574502,2019
2,,0,CUT,0,0,,,CUT,574502,2019
3,,0,CUT,0,0,,,CUT,574502,2019
4,,0,CUT,0,0,,,CUT,574502,2019
5,,0,CUT,0,0,,,CUT,574502,2019
6,,0,CUT,0,0,,,CUT,574502,2019
7,,0,CUT,0,0,,,CUT,574502,2019
8,,0,CUT,0,0,,,CUT,574502,2019
9,,0,CUT,0,0,,,CUT,574502,2019
10,,0,CUT,0,0,,,CUT,574502,2019
11,,0,CUT,0,0,,,CUT,574502,2019
12,,0,CUT,0,0,,,CUT,574502,2019
1,-56 pts,50,131,1,-56,CAP+40,CAP+40,131,851037,2019
2,,0,CUT,0,0,,,CUT,851037,2019
3,,0,CUT,0,0,,,CUT,851037,2019
4,,0,CUT,0,0,,,CUT,851037,2019
5,,0,CUT,0,0,,,CUT,851037,2019
6,,0,CUT,0,0,,,CUT,851037,2019
7,,0,CUT,0,0,,,CUT,851037,2019
8,,0,CUT,0,0,,,CUT,851037,2019
9,,0,CUT,0,0,,,CUT,851037,2019
10,,0,CUT,0,0,,,CUT,851037,2019
11,,0,CUT,0,0,,,CUT,851037,2019
12,,0,CUT,0,0,,,CUT,851037,2019
1,-57 pts,45,132,1,-57,CAP+40,CAP+40,132,555634,2019
2,,0,CUT,0,0,,,CUT,555634,2019
3,,0,CUT,0,0,,,CUT,555634,2019
4,,0,CUT,0,0,,,CUT,555634,2019
5,,0,CUT,0,0,,,CUT,555634,2019
6,,0,CUT,0,0,,,CUT,555634,2019
7,,0,CUT,0,0,,,CUT,555634,2019
8,,0,CUT,0,0,,,CUT,555634,2019
9,,0,CUT,0,0,,,CUT,555634,2019
10,,0,CUT,0,0,,,CUT,555634,2019
11,,0,CUT,0,0,,,CUT,555634,2019
12,,0,CUT,0,0,,,CUT,555634,2019
1,-58 pts,47,133,1,-58,CAP+40,CAP+40,133,1306552,2019
2,,0,CUT,0,0,,,CUT,1306552,2019
3,,0,CUT,0,0,,,CUT,1306552,2019
4,,0,CUT,0,0,,,CUT,1306552,2019
5,,0,CUT,0,0,,,CUT,1306552,2019
6,,0,CUT,0,0,,,CUT,1306552,2019
7,,0,CUT,0,0,,,CUT,1306552,2019
8,,0,CUT,0,0,,,CUT,1306552,2019
9,,0,CUT,0,0,,,CUT,1306552,2019
10,,0,CUT,0,0,,,CUT,1306552,2019
11,,0,CUT,0,0,,,CUT,1306552,2019
12,,0,CUT,0,0,,,CUT,1306552,2019
1,-59 pts,32,134T,1,-59,CAP+41 ,CAP+41,134T,1122311,2019
2,,0,CUT,0,0,,,CUT,1122311,2019
3,,0,CUT,0,0,,,CUT,1122311,2019
4,,0,CUT,0,0,,,CUT,1122311,2019
5,,0,CUT,0,0,,,CUT,1122311,2019
6,,0,CUT,0,0,,,CUT,1122311,2019
7,,0,CUT,0,0,,,CUT,1122311,2019
8,,0,CUT,0,0,,,CUT,1122311,2019
9,,0,CUT,0,0,,,CUT,1122311,2019
10,,0,CUT,0,0,,,CUT,1122311,2019
11,,0,CUT,0,0,,,CUT,1122311,2019
12,,0,CUT,0,0,,,CUT,1122311,2019
1,-59 pts,43,134T,1,-59,CAP+41 ,CAP+41,134T,457993,2019
2,,0,CUT,0,0,,,CUT,457993,2019
3,,0,CUT,0,0,,,CUT,457993,2019
4,,0,CUT,0,0,,,CUT,457993,2019
5,,0,CUT,0,0,,,CUT,457993,2019
6,,0,CUT,0,0,,,CUT,457993,2019
7,,0,CUT,0,0,,,CUT,457993,2019
8,,0,CUT,0,0,,,CUT,457993,2019
9,,0,CUT,0,0,,,CUT,457993,2019
10,,0,CUT,0,0,,,CUT,457993,2019
11,,0,CUT,0,0,,,CUT,457993,2019
12,,0,CUT,0,0,,,CUT,457993,2019
1,-59 pts,20,134T,1,-59,CAP+41 ,CAP+41,134T,253911,2019
2,,0,CUT,0,0,,,CUT,253911,2019
3,,0,CUT,0,0,,,CUT,253911,2019
4,,0,CUT,0,0,,,CUT,253911,2019
5,,0,CUT,0,0,,,CUT,253911,2019
6,,0,CUT,0,0,,,CUT,253911,2019
7,,0,CUT,0,0,,,CUT,253911,2019
8,,0,CUT,0,0,,,CUT,253911,2019
9,,0,CUT,0,0,,,CUT,253911,2019
10,,0,CUT,0,0,,,CUT,253911,2019
11,,0,CUT,0,0,,,CUT,253911,2019
12,,0,CUT,0,0,,,CUT,253911,2019
1,-59 pts,35,134T,1,-59,CAP+41 ,CAP+41,134T,425160,2019
2,,0,CUT,0,0,,,CUT,425160,2019
3,,0,CUT,0,0,,,CUT,425160,2019
4,,0,CUT,0,0,,,CUT,425160,2019
5,,0,CUT,0,0,,,CUT,425160,2019
6,,0,CUT,0,0,,,CUT,425160,2019
7,,0,CUT,0,0,,,CUT,425160,2019
8,,0,CUT,0,0,,,CUT,425160,2019
9,,0,CUT,0,0,,,CUT,425160,2019
10,,0,CUT,0,0,,,CUT,425160,2019
11,,0,CUT,0,0,,,CUT,425160,2019
12,,0,CUT,0,0,,,CUT,425160,2019
1,-63 pts,24,138T,1,-63,CAP+42 ,CAP+42,138T,199533,2019
2,,0,CUT,0,0,,,CUT,199533,2019
3,,0,CUT,0,0,,,CUT,199533,2019
4,,0,CUT,0,0,,,CUT,199533,2019
5,,2,CUT,1,0,,,CUT,199533,2019
6,,0,CUT,0,0,,,CUT,199533,2019
7,,0,CUT,0,0,,,CUT,199533,2019
8,,0,CUT,0,0,,,CUT,199533,2019
9,,0,CUT,0,0,,,CUT,199533,2019
10,,0,CUT,0,0,,,CUT,199533,2019
11,,0,CUT,0,0,,,CUT,199533,2019
12,,0,CUT,0,0,,,CUT,199533,2019
1,-63 pts,7,138T,1,-63,CAP+42 ,CAP+42,138T,96918,2019
2,,0,CUT,0,0,,,CUT,96918,2019
3,,0,CUT,0,0,,,CUT,96918,2019
4,,0,CUT,0,0,,,CUT,96918,2019
5,,0,CUT,0,0,,,CUT,96918,2019
6,,0,CUT,0,0,,,CUT,96918,2019
7,,0,CUT,0,0,,,CUT,96918,2019
8,,0,CUT,0,0,,,CUT,96918,2019
9,,0,CUT,0,0,,,CUT,96918,2019
10,,0,CUT,0,0,,,CUT,96918,2019
11,,0,CUT,0,0,,,CUT,96918,2019
12,,0,CUT,0,0,,,CUT,96918,2019
1,-63 pts,21,138T,1,-63,CAP+42 ,CAP+42,138T,464588,2019
2,,0,CUT,0,0,,,CUT,464588,2019
3,,0,CUT,0,0,,,CUT,464588,2019
4,,0,CUT,0,0,,,CUT,464588,2019
5,,0,CUT,0,0,,,CUT,464588,2019
6,,0,CUT,0,0,,,CUT,464588,2019
7,,0,CUT,0,0,,,CUT,464588,2019
8,,0,CUT,0,0,,,CUT,464588,2019
9,,0,CUT,0,0,,,CUT,464588,2019
10,,0,CUT,0,0,,,CUT,464588,2019
11,,0,CUT,0,0,,,CUT,464588,2019
12,,0,CUT,0,0,,,CUT,464588,2019
1,-63 pts,1,138T,1,-63,CAP+42 ,CAP+42,138T,1095623,2019
2,,0,CUT,0,0,,,CUT,1095623,2019
3,,0,CUT,0,0,,,CUT,1095623,2019
4,,0,CUT,0,0,,,CUT,1095623,2019
5,,0,CUT,0,0,,,CUT,1095623,2019
6,,0,CUT,0,0,,,CUT,1095623,2019
7,,0,CUT,0,0,,,CUT,1095623,2019
8,,0,CUT,0,0,,,CUT,1095623,2019
9,,0,CUT,0,0,,,CUT,1095623,2019
10,,0,CUT,0,0,,,CUT,1095623,2019
11,,0,CUT,0,0,,,CUT,1095623,2019
12,,0,CUT,0,0,,,CUT,1095623,2019
1,-63 pts,4,138T,1,-63,CAP+42 ,CAP+42,138T,839047,2019
2,,0,CUT,0,0,,,CUT,839047,2019
3,,0,CUT,0,0,,,CUT,839047,2019
4,,0,CUT,0,0,,,CUT,839047,2019
5,,0,CUT,0,0,,,CUT,839047,2019
6,,0,CUT,0,0,,,CUT,839047,2019
7,,0,CUT,0,0,,,CUT,839047,2019
8,,0,CUT,0,0,,,CUT,839047,2019
9,,0,CUT,0,0,,,CUT,839047,2019
10,,0,CUT,0,0,,,CUT,839047,2019
11,,0,CUT,0,0,,,CUT,839047,2019
12,,0,CUT,0,0,,,CUT,839047,2019
1,,34,CUT,3,0,,,CUT,18543,2019
2,,0,CUT,0,0,,,CUT,18543,2019
3,,0,CUT,0,0,,,CUT,18543,2019
4,,0,CUT,0,0,,,CUT,18543,2019
5,,1,CUT,1,0,,,CUT,18543,2019
6,,0,CUT,0,0,,,CUT,18543,2019
7,,0,CUT,0,0,,,CUT,18543,2019
8,,0,CUT,0,0,,,CUT,18543,2019
9,,0,CUT,0,0,,,CUT,18543,2019
10,,0,CUT,0,0,,,CUT,18543,2019
11,,0,CUT,0,0,,,CUT,18543,2019
12,,0,CUT,0,0,,,CUT,18543,2019
1,,8,WD,1,0,,,WD,1382942,2019
2,,0,WD,0,0,,,WD,1382942,2019
3,,0,WD,0,0,,,WD,1382942,2019
4,,0,WD,0,0,,,WD,1382942,2019
5,,0,WD,0,0,,,WD,1382942,2019
6,,0,WD,0,0,,,WD,1382942,2019
7,,0,WD,0,0,,,WD,1382942,2019
8,,0,WD,0,0,,,WD,1382942,2019
9,,0,WD,0,0,,,WD,1382942,2019
10,,0,WD,0,0,,,WD,1382942,2019
11,,0,WD,0,0,,,WD,1382942,2019
12,,0,WD,0,0,,,WD,1382942,2019
1,100 pts,23,1,3,100,16:56.6,16:56.6,1,163097,2019
2,78 pts,20,12,2,78,06:59.8,06:59.8,12,163097,2019
3,98 pts,24,2,1,98,27:11.2,27:11.2,2,163097,2019
4,67 pts,10,12,2,67,01:47.7,01:47.7,12,163097,2019
5,88 pts,8,4,2,88,656 rep,656,4,163097,2019
6,90 pts,1,3,1,90,18 pt,18,3,163097,2019
7,100 pts,5,1,1,100,14:07.1,14:07.1,1,163097,2019
8,100 pts,10,1,1,100,265.0 lb,265,1,163097,2019
9,100 pts,1,1,1,100,25:12.3,25:12.3,1,163097,2019
10,70 pts,3,4,2,70,05:44.6,05:44.6,4,163097,2019
11,80 pts,3,3,2,80,03:14.0,03:14.0,3,163097,2019
12,100 pts,5,1,1,100,08:25.1,08:25.1,1,163097,2019
1,88 pts,27,7,3,88,CAP+2,CAP+2,7,120480,2019
2,90 pts,17,6,2,90,06:43.3,06:43.3,6,120480,2019
3,96 pts,27,3,1,96,27:12.2,27:12.2,3,120480,2019
4,46 pts,11,19,2,46,02:00.5,02:00.5,19,120480,2019
5,96 pts,7,2,2,96,675 rep,675,2,120480,2019
6,100 pts,3,1,1,100,20 pt,20,1,120480,2019
7,60 pts,6,5,1,60,16:10.9,16:10.9,5,120480,2019
8,60 pts,9,5,1,60,225.0 lb,225,5,120480,2019
9,50 pts,2,6,1,50,30:17.6,30:17.6,6,120480,2019
10,80 pts,4,3,2,80,05:43.7,05:43.7,3,120480,2019
11,40 pts,4,7,2,40,03:49.1,03:49.1,7,120480,2019
12,70 pts,6,4,1,70,09:38.3,09:38.3,4,120480,2019
1,96 pts,24,3,3,96,19:00.7,19:00.7,3,264512,2019
2,54 pts,19,24,2,54,07:41.9,07:41.9,24,264512,2019
3,58 pts,30,22,1,58,30:30.8,30:30.8,22,264512,2019
4,91 pts,5,4,2,91,01:35.7,01:35.7,4,264512,2019
5,92 pts,6,3,2,92,664 rep,664,3,264512,2019
6,80 pts,4,5,1,80,16 pt,16,5,264512,2019
7,70 pts,4,4,1,70,15:32.0,15:32.0,4,264512,2019
8,50 pts,8,6,1,50,220.0 lb,220,6,264512,2019
9,70 pts,3,4,1,70,28:32.2,28:32.2,4,264512,2019
10,50 pts,2,6,2,50,05:52.2,05:52.2,6,264512,2019
11,50 pts,2,6,2,50,03:35.6,03:35.6,6,264512,2019
12,90 pts,7,2,1,90,09:14.7,09:14.7,2,264512,2019
1,60 pts,32,21,3,60,CAP+9,CAP+9,21,55121,2019
2,82 pts,10,10,2,82,06:58.4,06:58.4,10,55121,2019
3,92 pts,31,5,1,92,27:52.6,27:52.6,5,55121,2019
4,30 pts,13,26,2,30,02:07.8,02:07.8,26,55121,2019
5,60 pts,1,11,2,60,590 rep,590,11,55121,2019
6,60 pts,11,9,1,60,12 pt,12,9,55121,2019
7,80 pts,1,3,1,80,15:10.1,15:10.1,3,55121,2019
8,70 pts,6,4,1,70,230.0 lb,230,4,55121,2019
9,30 pts,5,8,1,30,32:37.0,32:37.0,8,55121,2019
10,100 pts,1,1,2,100,05:09.9,05:09.9,1,55121,2019
11,100 pts,1,1,2,100,02:53.3,02:53.3,1,55121,2019
12,20 pts,4,9,1,20,10:56.2,10:56.2,9,55121,2019
1,98 pts,22,2,3,98,18:16.4,18:16.4,2,305891,2019
2,96 pts,21,3,2,96,06:32.2,06:32.2,3,305891,2019
3,76 pts,25,13,1,76,29:26.0,29:26.0,13,305891,2019
4,49 pts,9,18,2,49,01:59.4,01:59.4,18,305891,2019
5,100 pts,10,1,2,100,695 rep,695,1,305891,2019
6,25 pts,2,16,1,25,5 pt,5,16,305891,2019
7,90 pts,7,2,1,90,14:34.7,14:34.7,2,305891,2019
8,30 pts,7,8,1,30,0.0 lb,0,8,305891,2019
9,40 pts,4,7,1,40,31:34.7,31:34.7,7,305891,2019
10,40 pts,5,7,2,40,05:54.1,05:54.1,7,305891,2019
11,10 pts,5,10,2,10,CAP+8,CAP+8,10,305891,2019
12,60 pts,2,5,1,60,09:47.1,09:47.1,5,305891,2019
1,94 pts,12,4,3,94,19:00.7,19:00.7,4,671666,2019
2,66 pts,22,18,2,66,07:20.4,07:20.4,18,671666,2019
3,90 pts,28,6,1,90,28:34.9,28:34.9,6,671666,2019
4,14 pts,12,34,2,14,02:28.8,02:28.8,34,671666,2019
5,72 pts,15,8,2,72,605 rep,605,8,671666,2019
6,75 pts,9,6,1,75,15 pt,15,6,671666,2019
7,50 pts,3,6,1,50,17:28.3,17:28.3,6,671666,2019
8,10 pts,5,10,1,10,0.0 lb,0,10,671666,2019
9,90 pts,8,2,1,90,28:18.5,28:18.5,2,671666,2019
10,60 pts,3,5,1,60,05:45.5,05:45.5,5,671666,2019
11,60 pts,3,5,1,60,03:33.5,03:33.5,5,671666,2019
12,30 pts,3,8,1,30,10:40.0,10:40.0,8,671666,2019
1,64 pts,30,19,3,64,CAP+9,CAP+9,19,174547,2019
2,94 pts,11,4,2,94,06:37.0,06:37.0,4,174547,2019
3,72 pts,29,15,1,72,29:30.4,29:30.4,15,174547,2019
4,100 pts,7,1,2,100,01:29.1,01:29.1,1,174547,2019
5,16 pts,9,25,2,16,486 rep,486,25,174547,2019
6,30 pts,6,15,1,30,6 pt,6,15,174547,2019
7,10 pts,10,10,1,10,CAP+17,CAP+17,10,174547,2019
8,90 pts,1,2,1,90,260.0 lb,260,2,174547,2019
9,60 pts,7,5,1,60,28:32.5,28:32.5,5,174547,2019
10,30 pts,2,8,1,30,06:00.5,06:00.5,8,174547,2019
11,90 pts,2,2,1,90,03:06.8,03:06.8,2,174547,2019
12,50 pts,8,6,1,50,10:04.8,10:04.8,6,174547,2019
1,78 pts,22,12,2,78,CAP+8,CAP+8,12,592472,2019
2,30 pts,26,45,2,30,08:55.3,08:55.3,45,592472,2019
3,86 pts,14,8,1,86,28:43.1,28:43.1,8,592472,2019
4,70 pts,18,11,2,70,01:47.0,01:47.0,11,592472,2019
5,80 pts,8,6,1,80,609 rep,609,6,592472,2019
6,55 pts,8,10,1,55,11 pt,11,10,592472,2019
7,40 pts,9,7,1,40,17:54.9,17:54.9,7,592472,2019
8,20 pts,4,9,1,20,0.0 lb,0,9,592472,2019
9,80 pts,10,3,1,80,28:26.6,28:26.6,3,592472,2019
10,90 pts,4,2,1,90,05:38.2,05:38.2,2,592472,2019
11,20 pts,4,9,1,20,04:00.0,04:00.0,9,592472,2019
12,10 pts,9,10,1,10,10:57.1,10:57.1,10,592472,2019
1,80 pts,43,11,2,80,CAP+8,CAP+8,11,252900,2019
2,50 pts,15,26,2,50,07:49.6,07:49.6,26,252900,2019
3,56 pts,34,23,1,56,30:47.2,30:47.2,23,252900,2019
4,85 pts,1,6,2,85,01:41.8,01:41.8,6,252900,2019
5,84 pts,13,5,2,84,627 rep,627,5,252900,2019
6,45 pts,5,12,1,45,9 pt,9,12,252900,2019
7,20 pts,2,9,1,20,CAP+10,CAP+10,9,252900,2019
8,80 pts,2,3,1,80,230.0 lb,230,3,252900,2019
9,10 pts,6,10,1,10,38:58.3,38:58.3,10,252900,2019
10,20 pts,5,9,1,20,06:11.8,06:11.8,9,252900,2019
11,30 pts,5,8,1,30,03:59.1,03:59.1,8,252900,2019
12,80 pts,10,3,1,80,09:34.3,09:34.3,3,252900,2019
1,74 pts,10,14,3,74,CAP+8,CAP+8,14,19501,2019
2,60 pts,27,21,2,60,07:28.4,07:28.4,21,19501,2019
3,54 pts,33,24,1,54,30:51.6,30:51.6,24,19501,2019
4,79 pts,2,8,2,79,01:45.2,01:45.2,8,19501,2019
5,49 pts,14,14,2,49,574 rep,574,14,19501,2019
6,85 pts,12,4,1,85,17 pt,17,4,19501,2019
7,30 pts,8,8,1,30,19:21.0,19:21.0,8,19501,2019
8,40 pts,3,7,1,40,215.0 lb,215,7,19501,2019
9,20 pts,9,9,1,20,32:43.0,32:43.0,9,19501,2019
10,10 pts,1,10,1,10,CAP,CAP,10,19501,2019
11,70 pts,1,4,1,70,03:16.4,03:16.4,4,19501,2019
12,40 pts,1,7,1,40,10:35.0,10:35.0,7,19501,2019
1,58 pts,18,22,3,58,CAP+9,CAP+9,22,349097,2019
2,100 pts,31,1,2,100,06:16.2,06:16.2,1,349097,2019
3,46 pts,22,28,1,46,31:16.7,31:16.7,28,349097,2019
4,88 pts,4,5,2,88,01:36.9,01:36.9,5,349097,2019
5,19 pts,11,24,2,19,491 rep,491,24,349097,2019
6,65 pts,14,8,1,65,13 pt,13,8,349097,2019
7,,0,CUT,0,0,,,CUT,349097,2019
8,,0,CUT,0,0,,,CUT,349097,2019
9,,0,CUT,0,0,,,CUT,349097,2019
10,,0,CUT,0,0,,,CUT,349097,2019
11,,0,CUT,0,0,,,CUT,349097,2019
12,,0,CUT,0,0,,,CUT,349097,2019
1,90 pts,25,6,3,90,CAP+1,CAP+1,6,18588,2019
2,92 pts,23,5,2,92,06:37.8,06:37.8,5,18588,2019
3,20 pts,26,41,1,20,33:16.8,33:16.8,41,18588,2019
4,64 pts,17,13,2,64,01:47.8,01:47.8,13,18588,2019
5,64 pts,2,10,2,64,591 rep,591,10,18588,2019
6,40 pts,10,13,1,40,8 pt,8,13,18588,2019
7,,0,CUT,0,0,,,CUT,18588,2019
8,,0,CUT,0,0,,,CUT,18588,2019
9,,0,CUT,0,0,,,CUT,18588,2019
10,,0,CUT,0,0,,,CUT,18588,2019
11,,0,CUT,0,0,,,CUT,18588,2019
12,,0,CUT,0,0,,,CUT,18588,2019
1,42 pts,19,33,3,42,CAP+11,CAP+11,33,239148,2019
2,37 pts,4,38,2,37,08:34.5,08:34.5,38,239148,2019
3,66 pts,7,18,1,66,29:59.1,29:59.1,18,239148,2019
4,82 pts,6,7,1,82,01:42.9,01:42.9,7,239148,2019
5,43 pts,6,16T,1,43,549 rep,549,16T,239148,2019
6,95 pts,19,2,1,95,19 pt,19,2,239148,2019
7,,0,CUT,0,0,,,CUT,239148,2019
8,,0,CUT,0,0,,,CUT,239148,2019
9,,0,CUT,0,0,,,CUT,239148,2019
10,,0,CUT,0,0,,,CUT,239148,2019
11,,0,CUT,0,0,,,CUT,239148,2019
12,,0,CUT,0,0,,,CUT,239148,2019
1,82 pts,16,10,3,82,CAP+7,CAP+7,10,37537,2019
2,62 pts,25,20,2,62,07:25.2,07:25.2,20,37537,2019
3,70 pts,20,16,1,70,29:35.5,29:35.5,16,37537,2019
4,73 pts,15,10,2,73,01:47.0,01:47.0,10,37537,2019
5,28 pts,5,21,2,28,516 rep,516,21,37537,2019
6,50 pts,13,11,1,50,10 pt,10,11,37537,2019
7,,0,CUT,0,0,,,CUT,37537,2019
8,,0,CUT,0,0,,,CUT,37537,2019
9,,0,CUT,0,0,,,CUT,37537,2019
10,,0,CUT,0,0,,,CUT,37537,2019
11,,0,CUT,0,0,,,CUT,37537,2019
12,,0,CUT,0,0,,,CUT,37537,2019
1,70 pts,16,16,2,70,CAP+9,CAP+9,16,591912,2019
2,84 pts,28,9,2,84,06:56.3,06:56.3,9,591912,2019
3,64 pts,21,19,1,64,30:11.9,30:11.9,19,591912,2019
4,58 pts,14,15,2,58,01:52.5,01:52.5,15,591912,2019
5,10 pts,12,27,2,10,473 rep,473,27,591912,2019
6,70 pts,18,7,1,70,14 pt,14,7,591912,2019
7,,0,CUT,0,0,,,CUT,591912,2019
8,,0,CUT,0,0,,,CUT,591912,2019
9,,0,CUT,0,0,,,CUT,591912,2019
10,,0,CUT,0,0,,,CUT,591912,2019
11,,0,CUT,0,0,,,CUT,591912,2019
12,,0,CUT,0,0,,,CUT,591912,2019
1,62 pts,29,20,3,62,CAP+9,CAP+9,20,168305,2019
2,98 pts,30,2,2,98,06:28.9,06:28.9,2,168305,2019
3,74 pts,23,14,1,74,29:29.4,29:29.4,14,168305,2019
4,36 pts,8,23,2,36,02:03.7,02:03.7,23,168305,2019
5,76 pts,3,7,2,76,607 rep,607,7,168305,2019
6,5 pts,7,20,1,5,1 pt,1,20,168305,2019
7,,0,CUT,0,0,,,CUT,168305,2019
8,,0,CUT,0,0,,,CUT,168305,2019
9,,0,CUT,0,0,,,CUT,168305,2019
10,,0,CUT,0,0,,,CUT,168305,2019
11,,0,CUT,0,0,,,CUT,168305,2019
12,,0,CUT,0,0,,,CUT,168305,2019
1,56 pts,21,23,3,56,CAP+9,CAP+9,23,103389,2019
2,80 pts,9,11,2,80,06:59.3,06:59.3,11,103389,2019
3,80 pts,18,11,1,80,29:17.9,29:17.9,11,103389,2019
4,40 pts,6,21,2,40,02:02.8,02:02.8,21,103389,2019
5,52 pts,9,13,1,52,584 rep,584,13,103389,2019
6,20 pts,16,17,1,20,4 pt,4,17,103389,2019
7,,0,CUT,0,0,,,CUT,103389,2019
8,,0,CUT,0,0,,,CUT,103389,2019
9,,0,CUT,0,0,,,CUT,103389,2019
10,,0,CUT,0,0,,,CUT,103389,2019
11,,0,CUT,0,0,,,CUT,103389,2019
12,,0,CUT,0,0,,,CUT,103389,2019
1,86 pts,35,8,3,86,CAP+6,CAP+6,8,2536,2019
2,26 pts,24,49,2,26,09:15.0,09:15.0,49,2536,2019
3,94 pts,36,4,1,94,27:22.5,27:22.5,4,2536,2019
4,34 pts,16,24,2,34,02:06.2,02:06.2,24,2536,2019
5,68 pts,7,9,1,68,598 rep,598,9,2536,2019
6,10 pts,15,19,1,10,2 pt,2,19,2536,2019
7,,0,CUT,0,0,,,CUT,2536,2019
8,,0,CUT,0,0,,,CUT,2536,2019
9,,0,CUT,0,0,,,CUT,2536,2019
10,,0,CUT,0,0,,,CUT,2536,2019
11,,0,CUT,0,0,,,CUT,2536,2019
12,,0,CUT,0,0,,,CUT,2536,2019
1,21 pts,3,54,1,21,CAP+20,CAP+20,54,484380,2019
2,74 pts,11,14,1,74,07:03.2,07:03.2,14,484380,2019
3,100 pts,40,1,1,100,27:09.2,27:09.2,1,484380,2019
4,76 pts,3,9,2,76,01:46.0,01:46.0,9,484380,2019
5,31 pts,4,20,2,31,527 rep,527,20,484380,2019
6,15 pts,17,18,1,15,3 pt,3,18,484380,2019
7,,0,CUT,0,0,,,CUT,484380,2019
8,,0,CUT,0,0,,,CUT,484380,2019
9,,0,CUT,0,0,,,CUT,484380,2019
10,,0,CUT,0,0,,,CUT,484380,2019
11,,0,CUT,0,0,,,CUT,484380,2019
12,,0,CUT,0,0,,,CUT,484380,2019
1,35 pts,26,40,3,35,CAP+19,CAP+19,40,8859,2019
2,68 pts,18,17,1,68,07:17.7,07:17.7,17,8859,2019
3,84 pts,38,9,1,84,28:43.1,28:43.1,9,8859,2019
4,26 pts,19,28,2,26,02:09.3,02:09.3,28,8859,2019
5,46 pts,13,15,1,46,565 rep,565,15,8859,2019
6,35 pts,20,14,1,35,7 pt,7,14,8859,2019
7,,0,CUT,0,0,,,CUT,8859,2019
8,,0,CUT,0,0,,,CUT,8859,2019
9,,0,CUT,0,0,,,CUT,8859,2019
10,,0,CUT,0,0,,,CUT,8859,2019
11,,0,CUT,0,0,,,CUT,8859,2019
12,,0,CUT,0,0,,,CUT,8859,2019
1,72 pts,33,15,3,72,CAP+8,CAP+8,15,239442,2019
2,52 pts,13,25,2,52,07:47.5,07:47.5,25,239442,2019
3,42 pts,16,30,1,42,31:32.4,31:32.4,30,239442,2019
4,52 pts,9,17,1,52,01:56.4,01:56.4,17,239442,2019
5,37 pts,4,18,1,37,546 rep,546,18,239442,2019
6,,0,CUT,0,0,,,CUT,239442,2019
7,,0,CUT,0,0,,,CUT,239442,2019
8,,0,CUT,0,0,,,CUT,239442,2019
9,,0,CUT,0,0,,,CUT,239442,2019
10,,0,CUT,0,0,,,CUT,239442,2019
11,,0,CUT,0,0,,,CUT,239442,2019
12,,0,CUT,0,0,,,CUT,239442,2019
1,17 pts,20,58,3,17,CAP+22,CAP+22,58,698210,2019
2,72 pts,9,15,1,72,07:09.9,07:09.9,15,698210,2019
3,82 pts,9,10,1,82,29:15.8,29:15.8,10,698210,2019
4,61 pts,11,14,1,61,01:52.4,01:52.4,14,698210,2019
5,22 pts,10,23,1,22,499 rep,499,23,698210,2019
6,,0,CUT,0,0,,,CUT,698210,2019
7,,0,CUT,0,0,,,CUT,698210,2019
8,,0,CUT,0,0,,,CUT,698210,2019
9,,0,CUT,0,0,,,CUT,698210,2019
10,,0,CUT,0,0,,,CUT,698210,2019
11,,0,CUT,0,0,,,CUT,698210,2019
12,,0,CUT,0,0,,,CUT,698210,2019
1,84 pts,45,9,3,84,CAP+6,CAP+6,9,21556,2019
2,47 pts,16,28,2,47,07:51.7,07:51.7,28,21556,2019
3,52 pts,17,25,1,52,30:57.7,30:57.7,25,21556,2019
4,18 pts,10,32,1,18,02:19.5,02:19.5,32,21556,2019
5,43 pts,14,16T,1,43,549 rep,549,16T,21556,2019
6,,0,CUT,0,0,,,CUT,21556,2019
7,,0,CUT,0,0,,,CUT,21556,2019
8,,0,CUT,0,0,,,CUT,21556,2019
9,,0,CUT,0,0,,,CUT,21556,2019
10,,0,CUT,0,0,,,CUT,21556,2019
11,,0,CUT,0,0,,,CUT,21556,2019
12,,0,CUT,0,0,,,CUT,21556,2019
1,68 pts,24,17,2,68,CAP+9,CAP+9,17,115892,2019
2,38 pts,12,37,2,38,08:30.9,08:30.9,37,115892,2019
3,18 pts,13,42,1,18,34:04.6,34:04.6,42,115892,2019
4,94 pts,18,3,1,94,01:34.1,01:34.1,3,115892,2019
5,25 pts,12,22,1,25,506 rep,506,22,115892,2019
6,,0,CUT,0,0,,,CUT,115892,2019
7,,0,CUT,0,0,,,CUT,115892,2019
8,,0,CUT,0,0,,,CUT,115892,2019
9,,0,CUT,0,0,,,CUT,115892,2019
10,,0,CUT,0,0,,,CUT,115892,2019
11,,0,CUT,0,0,,,CUT,115892,2019
12,,0,CUT,0,0,,,CUT,115892,2019
1,92 pts,15,5,3,92,CAP,CAP,5,252691,2019
2,31 pts,18,44,2,31,08:54.8,08:54.8,44,252691,2019
3,38 pts,35,32,1,38,31:50.9,31:50.9,32,252691,2019
4,20 pts,13,31,1,20,02:16.9,02:16.9,31,252691,2019
5,56 pts,15,12,1,56,586 rep,586,12,252691,2019
6,,0,CUT,0,0,,,CUT,252691,2019
7,,0,CUT,0,0,,,CUT,252691,2019
8,,0,CUT,0,0,,,CUT,252691,2019
9,,0,CUT,0,0,,,CUT,252691,2019
10,,0,CUT,0,0,,,CUT,252691,2019
11,,0,CUT,0,0,,,CUT,252691,2019
12,,0,CUT,0,0,,,CUT,252691,2019
1,36 pts,31,39,3,36,CAP+17,CAP+17,39,93497,2019
2,70 pts,22,16,1,70,07:16.9,07:16.9,16,93497,2019
3,78 pts,37,12,1,78,29:20.2,29:20.2,12,93497,2019
4,10 pts,20,36,2,10,02:38.6,02:38.6,36,93497,2019
5,34 pts,2,19,1,34,545 rep,545,19,93497,2019
6,,0,CUT,0,0,,,CUT,93497,2019
7,,0,CUT,0,0,,,CUT,93497,2019
8,,0,CUT,0,0,,,CUT,93497,2019
9,,0,CUT,0,0,,,CUT,93497,2019
10,,0,CUT,0,0,,,CUT,93497,2019
11,,0,CUT,0,0,,,CUT,93497,2019
12,,0,CUT,0,0,,,CUT,93497,2019
1,52 pts,28,25,3,52,CAP+10,CAP+10,25,670000,2019
2,88 pts,8,7,2,88,06:53.9,06:53.9,7,670000,2019
3,24 pts,32,39,1,24,32:51.4,32:51.4,39,670000,2019
4,55 pts,12,16,1,55,01:54.3,01:54.3,16,670000,2019
5,7 pts,5,28,1,7,455 rep,455,28,670000,2019
6,,0,CUT,0,0,,,CUT,670000,2019
7,,0,CUT,0,0,,,CUT,670000,2019
8,,0,CUT,0,0,,,CUT,670000,2019
9,,0,CUT,0,0,,,CUT,670000,2019
10,,0,CUT,0,0,,,CUT,670000,2019
11,,0,CUT,0,0,,,CUT,670000,2019
12,,0,CUT,0,0,,,CUT,670000,2019
1,50 pts,40,26,3,50,CAP+11,CAP+11,26,245403,2019
2,46 pts,33,29,2,46,07:52.1,07:52.1,29,245403,2019
3,28 pts,11,37,1,28,32:15.4,32:15.4,37,245403,2019
4,97 pts,2,2,1,97,01:34.1,01:34.1,2,245403,2019
5,1 pts,11,30,1,1,436 rep,436,30,245403,2019
6,,0,CUT,0,0,,,CUT,245403,2019
7,,0,CUT,0,0,,,CUT,245403,2019
8,,0,CUT,0,0,,,CUT,245403,2019
9,,0,CUT,0,0,,,CUT,245403,2019
10,,0,CUT,0,0,,,CUT,245403,2019
11,,0,CUT,0,0,,,CUT,245403,2019
12,,0,CUT,0,0,,,CUT,245403,2019
1,31 pts,37,44,3,31,CAP+19,CAP+19,44,2088,2019
2,86 pts,16,8,1,86,06:54.5,06:54.5,8,2088,2019
3,44 pts,15,29,1,44,31:28.1,31:28.1,29,2088,2019
4,43 pts,7,20,1,43,02:01.6,02:01.6,20,2088,2019
5,4 pts,3,29,1,4,443 rep,443,29,2088,2019
6,,0,CUT,0,0,,,CUT,2088,2019
7,,0,CUT,0,0,,,CUT,2088,2019
8,,0,CUT,0,0,,,CUT,2088,2019
9,,0,CUT,0,0,,,CUT,2088,2019
10,,0,CUT,0,0,,,CUT,2088,2019
11,,0,CUT,0,0,,,CUT,2088,2019
12,,0,CUT,0,0,,,CUT,2088,2019
1,66 pts,41,18,3,66,CAP+9,CAP+9,18,477709,2019
2,76 pts,29,13,2,76,07:01.2,07:01.2,13,477709,2019
3,14 pts,19,44,1,14,34:56.9,34:56.9,44,477709,2019
4,22 pts,14,30,1,22,02:14.2,02:14.2,30,477709,2019
5,13 pts,1,26,1,13,477 rep,477,26,477709,2019
6,,0,CUT,0,0,,,CUT,477709,2019
7,,0,CUT,0,0,,,CUT,477709,2019
8,,0,CUT,0,0,,,CUT,477709,2019
9,,0,CUT,0,0,,,CUT,477709,2019
10,,0,CUT,0,0,,,CUT,477709,2019
11,,0,CUT,0,0,,,CUT,477709,2019
12,,0,CUT,0,0,,,CUT,477709,2019
1,54 pts,17,24,2,54,CAP+10,CAP+10,24,531598,2019
2,39 pts,32,36,2,39,08:29.1,08:29.1,36,531598,2019
3,50 pts,10,26,1,50,31:07.2,31:07.2,26,531598,2019
4,28 pts,15,27,1,28,02:09.0,02:09.0,27,531598,2019
5,,0,CUT,0,0,,,CUT,531598,2019
6,,0,CUT,0,0,,,CUT,531598,2019
7,,0,CUT,0,0,,,CUT,531598,2019
8,,0,CUT,0,0,,,CUT,531598,2019
9,,0,CUT,0,0,,,CUT,531598,2019
10,,0,CUT,0,0,,,CUT,531598,2019
11,,0,CUT,0,0,,,CUT,531598,2019
12,,0,CUT,0,0,,,CUT,531598,2019
1,48 pts,46,27,1,48,CAP+11,CAP+11,27,887297,2019
2,34 pts,7,41,2,34,08:41.5,08:41.5,41,887297,2019
3,48 pts,8,27,1,48,31:07.6,31:07.6,27,887297,2019
4,38 pts,4,22,1,38,02:02.9,02:02.9,22,887297,2019
5,,0,CUT,0,0,,,CUT,887297,2019
6,,0,CUT,0,0,,,CUT,887297,2019
7,,0,CUT,0,0,,,CUT,887297,2019
8,,0,CUT,0,0,,,CUT,887297,2019
9,,0,CUT,0,0,,,CUT,887297,2019
10,,0,CUT,0,0,,,CUT,887297,2019
11,,0,CUT,0,0,,,CUT,887297,2019
12,,0,CUT,0,0,,,CUT,887297,2019
1,34 pts,38,41,3,34,CAP+19,CAP+19,41,106129,2019
2,41 pts,23,34,1,41,08:20.3,08:20.3,34,106129,2019
3,88 pts,6,7,1,88,28:41.4,28:41.4,7,106129,2019
4,4 pts,8,39,1,4,03:20.7,03:20.7,39,106129,2019
5,,0,CUT,0,0,,,CUT,106129,2019
6,,0,CUT,0,0,,,CUT,106129,2019
7,,0,CUT,0,0,,,CUT,106129,2019
8,,0,CUT,0,0,,,CUT,106129,2019
9,,0,CUT,0,0,,,CUT,106129,2019
10,,0,CUT,0,0,,,CUT,106129,2019
11,,0,CUT,0,0,,,CUT,106129,2019
12,,0,CUT,0,0,,,CUT,106129,2019
1,44 pts,7,31,3,44,CAP+11,CAP+11,31,330326,2019
2,56 pts,5,23,2,56,07:41.7,07:41.7,23,330326,2019
3,40 pts,12,31,1,40,31:46.6,31:46.6,31,330326,2019
4,16 pts,5,33,1,16,02:23.5,02:23.5,33,330326,2019
5,,0,CUT,0,0,,,CUT,330326,2019
6,,0,CUT,0,0,,,CUT,330326,2019
7,,0,CUT,0,0,,,CUT,330326,2019
8,,0,CUT,0,0,,,CUT,330326,2019
9,,0,CUT,0,0,,,CUT,330326,2019
10,,0,CUT,0,0,,,CUT,330326,2019
11,,0,CUT,0,0,,,CUT,330326,2019
12,,0,CUT,0,0,,,CUT,330326,2019
1,32 pts,31,43,2,32,CAP+19,CAP+19,43,43198,2019
2,64 pts,24,19,1,64,07:23.9,07:23.9,19,43198,2019
3,32 pts,39,35,1,32,32:14.2,32:14.2,35,43198,2019
4,24 pts,17,29,1,24,02:10.2,02:10.2,29,43198,2019
5,,0,CUT,0,0,,,CUT,43198,2019
6,,0,CUT,0,0,,,CUT,43198,2019
7,,0,CUT,0,0,,,CUT,43198,2019
8,,0,CUT,0,0,,,CUT,43198,2019
9,,0,CUT,0,0,,,CUT,43198,2019
10,,0,CUT,0,0,,,CUT,43198,2019
11,,0,CUT,0,0,,,CUT,43198,2019
12,,0,CUT,0,0,,,CUT,43198,2019
1,28 pts,29,47,2,28,CAP+19,CAP+19,47,390443,2019
2,58 pts,26,22,1,58,07:34.8,07:34.8,22,390443,2019
3,34 pts,42,34,1,34,32:11.9,32:11.9,34,390443,2019
4,32 pts,1,25,1,32,02:06.7,02:06.7,25,390443,2019
5,,0,CUT,0,0,,,CUT,390443,2019
6,,0,CUT,0,0,,,CUT,390443,2019
7,,0,CUT,0,0,,,CUT,390443,2019
8,,0,CUT,0,0,,,CUT,390443,2019
9,,0,CUT,0,0,,,CUT,390443,2019
10,,0,CUT,0,0,,,CUT,390443,2019
11,,0,CUT,0,0,,,CUT,390443,2019
12,,0,CUT,0,0,,,CUT,390443,2019
1,23 pts,20,52,2,23,CAP+20,CAP+20,52,635438,2019
2,48 pts,12,27,1,48,07:50.3,07:50.3,27,635438,2019
3,62 pts,46,20,1,62,30:12.8,30:12.8,20,635438,2019
4,8 pts,16,37,1,8,02:39.5,02:39.5,37,635438,2019
5,,0,CUT,0,0,,,CUT,635438,2019
6,,0,CUT,0,0,,,CUT,635438,2019
7,,0,CUT,0,0,,,CUT,635438,2019
8,,0,CUT,0,0,,,CUT,635438,2019
9,,0,CUT,0,0,,,CUT,635438,2019
10,,0,CUT,0,0,,,CUT,635438,2019
11,,0,CUT,0,0,,,CUT,635438,2019
12,,0,CUT,0,0,,,CUT,635438,2019
1,33 pts,47,42,1,33,CAP+19,CAP+19,42,796219,2019
2,25 pts,17,50,1,25,09:15.9,09:15.9,50,796219,2019
3,68 pts,49,17,1,68,29:51.5,29:51.5,17,796219,2019
4,6 pts,3,38,1,6,02:46.7,02:46.7,38,796219,2019
5,,0,CUT,0,0,,,CUT,796219,2019
6,,0,CUT,0,0,,,CUT,796219,2019
7,,0,CUT,0,0,,,CUT,796219,2019
8,,0,CUT,0,0,,,CUT,796219,2019
9,,0,CUT,0,0,,,CUT,796219,2019
10,,0,CUT,0,0,,,CUT,796219,2019
11,,0,CUT,0,0,,,CUT,796219,2019
12,,0,CUT,0,0,,,CUT,796219,2019
1,76 pts,33,13,2,76,CAP+8,CAP+8,13,96750,2019
2,15 pts,14,60T,2,15,CAP+1,CAP+1,60T,96750,2019
3,22 pts,41,40,1,22,32:56.0,32:56.0,40,96750,2019
4,12 pts,20,35,1,12,02:35.6,02:35.6,35,96750,2019
5,,0,CUT,0,0,,,CUT,96750,2019
6,,0,CUT,0,0,,,CUT,96750,2019
7,,0,CUT,0,0,,,CUT,96750,2019
8,,0,CUT,0,0,,,CUT,96750,2019
9,,0,CUT,0,0,,,CUT,96750,2019
10,,0,CUT,0,0,,,CUT,96750,2019
11,,0,CUT,0,0,,,CUT,96750,2019
12,,0,CUT,0,0,,,CUT,96750,2019
1,38 pts,42,37,3,38,CAP+16,CAP+16,37,9759,2019
2,22 pts,21,53,1,22,09:30.9,09:30.9,53,9759,2019
3,60 pts,2,21,1,60,30:23.3,30:23.3,21,9759,2019
4,2 pts,19,40,1,2,03:57.2,03:57.2,40,9759,2019
5,,0,CUT,0,0,,,CUT,9759,2019
6,,0,CUT,0,0,,,CUT,9759,2019
7,,0,CUT,0,0,,,CUT,9759,2019
8,,0,CUT,0,0,,,CUT,9759,2019
9,,0,CUT,0,0,,,CUT,9759,2019
10,,0,CUT,0,0,,,CUT,9759,2019
11,,0,CUT,0,0,,,CUT,9759,2019
12,,0,CUT,0,0,,,CUT,9759,2019
1,26 pts,4,49,1,26,CAP+20,CAP+20,49,279929,2019
2,44 pts,27,31,1,44,08:01.7,08:01.7,31,279929,2019
3,30 pts,4,36,1,30,32:14.9,32:14.9,36,279929,2019
4,,0,CUT,0,0,,,CUT,279929,2019
5,,0,CUT,0,0,,,CUT,279929,2019
6,,0,CUT,0,0,,,CUT,279929,2019
7,,0,CUT,0,0,,,CUT,279929,2019
8,,0,CUT,0,0,,,CUT,279929,2019
9,,0,CUT,0,0,,,CUT,279929,2019
10,,0,CUT,0,0,,,CUT,279929,2019
11,,0,CUT,0,0,,,CUT,279929,2019
12,,0,CUT,0,0,,,CUT,279929,2019
1,30 pts,6,45,1,30,CAP+19,CAP+19,45,505225,2019
2,42 pts,25,33,1,42,08:06.5,08:06.5,33,505225,2019
3,26 pts,5,38,1,26,32:32.1,32:32.1,38,505225,2019
4,,0,CUT,0,0,,,CUT,505225,2019
5,,0,CUT,0,0,,,CUT,505225,2019
6,,0,CUT,0,0,,,CUT,505225,2019
7,,0,CUT,0,0,,,CUT,505225,2019
8,,0,CUT,0,0,,,CUT,505225,2019
9,,0,CUT,0,0,,,CUT,505225,2019
10,,0,CUT,0,0,,,CUT,505225,2019
11,,0,CUT,0,0,,,CUT,505225,2019
12,,0,CUT,0,0,,,CUT,505225,2019
1,46 pts,22,29,1,46,CAP+11,CAP+11,29,667707,2019
2,8 pts,6,67T,2,8,CAP+3,CAP+3,67T,667707,2019
3,36 pts,50,33,1,36,32:06.3,32:06.3,33,667707,2019
4,,0,CUT,0,0,,,CUT,667707,2019
5,,0,CUT,0,0,,,CUT,667707,2019
6,,0,CUT,0,0,,,CUT,667707,2019
7,,0,CUT,0,0,,,CUT,667707,2019
8,,0,CUT,0,0,,,CUT,667707,2019
9,,0,CUT,0,0,,,CUT,667707,2019
10,,0,CUT,0,0,,,CUT,667707,2019
11,,0,CUT,0,0,,,CUT,667707,2019
12,,0,CUT,0,0,,,CUT,667707,2019
1,43 pts,14,32,3,43,CAP+11,CAP+11,32,238208,2019
2,36 pts,36,39,2,36,08:35.1,08:35.1,39,238208,2019
3,10 pts,43,46,1,10,35:47.3,35:47.3,46,238208,2019
4,,0,CUT,0,0,,,CUT,238208,2019
5,,0,CUT,0,0,,,CUT,238208,2019
6,,0,CUT,0,0,,,CUT,238208,2019
7,,0,CUT,0,0,,,CUT,238208,2019
8,,0,CUT,0,0,,,CUT,238208,2019
9,,0,CUT,0,0,,,CUT,238208,2019
10,,0,CUT,0,0,,,CUT,238208,2019
11,,0,CUT,0,0,,,CUT,238208,2019
12,,0,CUT,0,0,,,CUT,238208,2019
1,45 pts,23,30,2,45,CAP+11,CAP+11,30,248235,2019
2,33 pts,35,42,2,33,08:44.0,08:44.0,42,248235,2019
3,8 pts,44,47,1,8,35:57.3,35:57.3,47,248235,2019
4,,0,CUT,0,0,,,CUT,248235,2019
5,,0,CUT,0,0,,,CUT,248235,2019
6,,0,CUT,0,0,,,CUT,248235,2019
7,,0,CUT,0,0,,,CUT,248235,2019
8,,0,CUT,0,0,,,CUT,248235,2019
9,,0,CUT,0,0,,,CUT,248235,2019
10,,0,CUT,0,0,,,CUT,248235,2019
11,,0,CUT,0,0,,,CUT,248235,2019
12,,0,CUT,0,0,,,CUT,248235,2019
1,41 pts,44,34,3,41,CAP+11,CAP+11,34,103617,2019
2,27 pts,37,48,2,27,09:09.2,09:09.2,48,103617,2019
3,12 pts,3,45,1,12,35:05.4,35:05.4,45,103617,2019
4,,0,CUT,0,0,,,CUT,103617,2019
5,,0,CUT,0,0,,,CUT,103617,2019
6,,0,CUT,0,0,,,CUT,103617,2019
7,,0,CUT,0,0,,,CUT,103617,2019
8,,0,CUT,0,0,,,CUT,103617,2019
9,,0,CUT,0,0,,,CUT,103617,2019
10,,0,CUT,0,0,,,CUT,103617,2019
11,,0,CUT,0,0,,,CUT,103617,2019
12,,0,CUT,0,0,,,CUT,103617,2019
1,40 pts,36,35,3,40,CAP+12,CAP+12,35,299053,2019
2,35 pts,3,40,2,35,08:35.6,08:35.6,40,299053,2019
3,2 pts,45,50,1,2,CAP+1,CAP+1,50,299053,2019
4,,0,CUT,0,0,,,CUT,299053,2019
5,,0,CUT,0,0,,,CUT,299053,2019
6,,0,CUT,0,0,,,CUT,299053,2019
7,,0,CUT,0,0,,,CUT,299053,2019
8,,0,CUT,0,0,,,CUT,299053,2019
9,,0,CUT,0,0,,,CUT,299053,2019
10,,0,CUT,0,0,,,CUT,299053,2019
11,,0,CUT,0,0,,,CUT,299053,2019
12,,0,CUT,0,0,,,CUT,299053,2019
1,47 pts,25,28,2,47,CAP+11,CAP+11,28,258629,2019
2,21 pts,34,54,2,21,09:34.3,09:34.3,54,258629,2019
3,6 pts,47,48,1,6,37:35.0,37:35.0,48,258629,2019
4,,0,CUT,0,0,,,CUT,258629,2019
5,,0,CUT,0,0,,,CUT,258629,2019
6,,0,CUT,0,0,,,CUT,258629,2019
7,,0,CUT,0,0,,,CUT,258629,2019
8,,0,CUT,0,0,,,CUT,258629,2019
9,,0,CUT,0,0,,,CUT,258629,2019
10,,0,CUT,0,0,,,CUT,258629,2019
11,,0,CUT,0,0,,,CUT,258629,2019
12,,0,CUT,0,0,,,CUT,258629,2019
1,39 pts,10,36,2,39,CAP+13,CAP+13,36,452187,2019
2,16 pts,20,59,1,16,09:56.2,09:56.2,59,452187,2019
3,16 pts,1,43,1,16,34:54.6,34:54.6,43,452187,2019
4,,0,CUT,0,0,,,CUT,452187,2019
5,,0,CUT,0,0,,,CUT,452187,2019
6,,0,CUT,0,0,,,CUT,452187,2019
7,,0,CUT,0,0,,,CUT,452187,2019
8,,0,CUT,0,0,,,CUT,452187,2019
9,,0,CUT,0,0,,,CUT,452187,2019
10,,0,CUT,0,0,,,CUT,452187,2019
11,,0,CUT,0,0,,,CUT,452187,2019
12,,0,CUT,0,0,,,CUT,452187,2019
1,20 pts,34,55,3,20,CAP+21,CAP+21,55,871307,2019
2,45 pts,30,30,1,45,07:55.1,07:55.1,30,871307,2019
3,4 pts,48,49,1,4,37:35.3,37:35.3,49,871307,2019
4,,0,CUT,0,0,,,CUT,871307,2019
5,,0,CUT,0,0,,,CUT,871307,2019
6,,0,CUT,0,0,,,CUT,871307,2019
7,,0,CUT,0,0,,,CUT,871307,2019
8,,0,CUT,0,0,,,CUT,871307,2019
9,,0,CUT,0,0,,,CUT,871307,2019
10,,0,CUT,0,0,,,CUT,871307,2019
11,,0,CUT,0,0,,,CUT,871307,2019
12,,0,CUT,0,0,,,CUT,871307,2019
1,22 pts,18,53,2,22,CAP+20,CAP+20,53,527011,2019
2,32 pts,29,43,1,32,08:45.5,08:45.5,43,527011,2019
3,,0,CUT,0,0,,,CUT,527011,2019
4,,0,CUT,0,0,,,CUT,527011,2019
5,,0,CUT,0,0,,,CUT,527011,2019
6,,0,CUT,0,0,,,CUT,527011,2019
7,,0,CUT,0,0,,,CUT,527011,2019
8,,0,CUT,0,0,,,CUT,527011,2019
9,,0,CUT,0,0,,,CUT,527011,2019
10,,0,CUT,0,0,,,CUT,527011,2019
11,,0,CUT,0,0,,,CUT,527011,2019
12,,0,CUT,0,0,,,CUT,527011,2019
1,8 pts,5,67,1,8,CAP+30,CAP+30,67,151555,2019
2,40 pts,36,35,1,40,08:24.8,08:24.8,35,151555,2019
3,,0,CUT,0,0,,,CUT,151555,2019
4,,0,CUT,0,0,,,CUT,151555,2019
5,,0,CUT,0,0,,,CUT,151555,2019
6,,0,CUT,0,0,,,CUT,151555,2019
7,,0,CUT,0,0,,,CUT,151555,2019
8,,0,CUT,0,0,,,CUT,151555,2019
9,,0,CUT,0,0,,,CUT,151555,2019
10,,0,CUT,0,0,,,CUT,151555,2019
11,,0,CUT,0,0,,,CUT,151555,2019
12,,0,CUT,0,0,,,CUT,151555,2019
1,27 pts,28,48,2,27,CAP+19,CAP+19,48,238026,2019
2,19 pts,14,56,1,19,09:36.0,09:36.0,56,238026,2019
3,,0,CUT,0,0,,,CUT,238026,2019
4,,0,CUT,0,0,,,CUT,238026,2019
5,,0,CUT,0,0,,,CUT,238026,2019
6,,0,CUT,0,0,,,CUT,238026,2019
7,,0,CUT,0,0,,,CUT,238026,2019
8,,0,CUT,0,0,,,CUT,238026,2019
9,,0,CUT,0,0,,,CUT,238026,2019
10,,0,CUT,0,0,,,CUT,238026,2019
11,,0,CUT,0,0,,,CUT,238026,2019
12,,0,CUT,0,0,,,CUT,238026,2019
1,37 pts,28,38,1,37,CAP+16,CAP+16,38,350442,2019
2,8 pts,19,67T,1,8,CAP+3,CAP+3,67T,350442,2019
3,,0,CUT,0,0,,,CUT,350442,2019
4,,0,CUT,0,0,,,CUT,350442,2019
5,,0,CUT,0,0,,,CUT,350442,2019
6,,0,CUT,0,0,,,CUT,350442,2019
7,,0,CUT,0,0,,,CUT,350442,2019
8,,0,CUT,0,0,,,CUT,350442,2019
9,,0,CUT,0,0,,,CUT,350442,2019
10,,0,CUT,0,0,,,CUT,350442,2019
11,,0,CUT,0,0,,,CUT,350442,2019
12,,0,CUT,0,0,,,CUT,350442,2019
1,15 pts,17,60,3,15,CAP+22,CAP+22,60,115239,2019
2,29 pts,7,46,1,29,09:04.2,09:04.2,46,115239,2019
3,,0,CUT,0,0,,,CUT,115239,2019
4,,0,CUT,0,0,,,CUT,115239,2019
5,,0,CUT,0,0,,,CUT,115239,2019
6,,0,CUT,0,0,,,CUT,115239,2019
7,,0,CUT,0,0,,,CUT,115239,2019
8,,0,CUT,0,0,,,CUT,115239,2019
9,,0,CUT,0,0,,,CUT,115239,2019
10,,0,CUT,0,0,,,CUT,115239,2019
11,,0,CUT,0,0,,,CUT,115239,2019
12,,0,CUT,0,0,,,CUT,115239,2019
1,0 pts,19,75,2,0,CAP+30,CAP+30,75,242149,2019
2,43 pts,40,32,1,43,08:05.9,08:05.9,32,242149,2019
3,,0,CUT,0,0,,,CUT,242149,2019
4,,0,CUT,0,0,,,CUT,242149,2019
5,,0,CUT,0,0,,,CUT,242149,2019
6,,0,CUT,0,0,,,CUT,242149,2019
7,,0,CUT,0,0,,,CUT,242149,2019
8,,0,CUT,0,0,,,CUT,242149,2019
9,,0,CUT,0,0,,,CUT,242149,2019
10,,0,CUT,0,0,,,CUT,242149,2019
11,,0,CUT,0,0,,,CUT,242149,2019
12,,0,CUT,0,0,,,CUT,242149,2019
1,29 pts,43,46,3,29,CAP+19,CAP+19,46,39517,2019
2,11 pts,15,64T,1,11,CAP+2,CAP+2,64T,39517,2019
3,,0,CUT,0,0,,,CUT,39517,2019
4,,0,CUT,0,0,,,CUT,39517,2019
5,,0,CUT,0,0,,,CUT,39517,2019
6,,0,CUT,0,0,,,CUT,39517,2019
7,,0,CUT,0,0,,,CUT,39517,2019
8,,0,CUT,0,0,,,CUT,39517,2019
9,,0,CUT,0,0,,,CUT,39517,2019
10,,0,CUT,0,0,,,CUT,39517,2019
11,,0,CUT,0,0,,,CUT,39517,2019
12,,0,CUT,0,0,,,CUT,39517,2019
1,25 pts,21,50,2,25,CAP+20,CAP+20,50,120277,2019
2,11 pts,13,64T,1,11,CAP+2,CAP+2,64T,120277,2019
3,,0,CUT,0,0,,,CUT,120277,2019
4,,0,CUT,0,0,,,CUT,120277,2019
5,,0,CUT,0,0,,,CUT,120277,2019
6,,0,CUT,0,0,,,CUT,120277,2019
7,,0,CUT,0,0,,,CUT,120277,2019
8,,0,CUT,0,0,,,CUT,120277,2019
9,,0,CUT,0,0,,,CUT,120277,2019
10,,0,CUT,0,0,,,CUT,120277,2019
11,,0,CUT,0,0,,,CUT,120277,2019
12,,0,CUT,0,0,,,CUT,120277,2019
1,16 pts,39,59,3,16,CAP+22,CAP+22,59,120247,2019
2,20 pts,32,55,1,20,09:34.8,09:34.8,55,120247,2019
3,,0,CUT,0,0,,,CUT,120247,2019
4,,0,CUT,0,0,,,CUT,120247,2019
5,,0,CUT,0,0,,,CUT,120247,2019
6,,0,CUT,0,0,,,CUT,120247,2019
7,,0,CUT,0,0,,,CUT,120247,2019
8,,0,CUT,0,0,,,CUT,120247,2019
9,,0,CUT,0,0,,,CUT,120247,2019
10,,0,CUT,0,0,,,CUT,120247,2019
11,,0,CUT,0,0,,,CUT,120247,2019
12,,0,CUT,0,0,,,CUT,120247,2019
1,24 pts,40,51,2,24,CAP+20,CAP+20,51,215510,2019
2,11 pts,28,64T,1,11,CAP+2,CAP+2,64T,215510,2019
3,,0,CUT,0,0,,,CUT,215510,2019
4,,0,CUT,0,0,,,CUT,215510,2019
5,,0,CUT,0,0,,,CUT,215510,2019
6,,0,CUT,0,0,,,CUT,215510,2019
7,,0,CUT,0,0,,,CUT,215510,2019
8,,0,CUT,0,0,,,CUT,215510,2019
9,,0,CUT,0,0,,,CUT,215510,2019
10,,0,CUT,0,0,,,CUT,215510,2019
11,,0,CUT,0,0,,,CUT,215510,2019
12,,0,CUT,0,0,,,CUT,215510,2019
1,12 pts,5,63,2,12,CAP+23,CAP+23,63,120265,2019
2,23 pts,34,52,1,23,09:26.4,09:26.4,52,120265,2019
3,,0,CUT,0,0,,,CUT,120265,2019
4,,0,CUT,0,0,,,CUT,120265,2019
5,,0,CUT,0,0,,,CUT,120265,2019
6,,0,CUT,0,0,,,CUT,120265,2019
7,,0,CUT,0,0,,,CUT,120265,2019
8,,0,CUT,0,0,,,CUT,120265,2019
9,,0,CUT,0,0,,,CUT,120265,2019
10,,0,CUT,0,0,,,CUT,120265,2019
11,,0,CUT,0,0,,,CUT,120265,2019
12,,0,CUT,0,0,,,CUT,120265,2019
1,6 pts,39,69T,2,6,CAP+30,CAP+30,69T,1299203,2019
2,28 pts,37,47,1,28,09:04.2,09:04.2,47,1299203,2019
3,,0,CUT,0,0,,,CUT,1299203,2019
4,,0,CUT,0,0,,,CUT,1299203,2019
5,,0,CUT,0,0,,,CUT,1299203,2019
6,,0,CUT,0,0,,,CUT,1299203,2019
7,,0,CUT,0,0,,,CUT,1299203,2019
8,,0,CUT,0,0,,,CUT,1299203,2019
9,,0,CUT,0,0,,,CUT,1299203,2019
10,,0,CUT,0,0,,,CUT,1299203,2019
11,,0,CUT,0,0,,,CUT,1299203,2019
12,,0,CUT,0,0,,,CUT,1299203,2019
1,14 pts,26,61,2,14,CAP+22,CAP+22,61,235110,2019
2,18 pts,8,57,1,18,09:43.9,09:43.9,57,235110,2019
3,,0,CUT,0,0,,,CUT,235110,2019
4,,0,CUT,0,0,,,CUT,235110,2019
5,,0,CUT,0,0,,,CUT,235110,2019
6,,0,CUT,0,0,,,CUT,235110,2019
7,,0,CUT,0,0,,,CUT,235110,2019
8,,0,CUT,0,0,,,CUT,235110,2019
9,,0,CUT,0,0,,,CUT,235110,2019
10,,0,CUT,0,0,,,CUT,235110,2019
11,,0,CUT,0,0,,,CUT,235110,2019
12,,0,CUT,0,0,,,CUT,235110,2019
1,4 pts,14,71,2,4,CAP+30,CAP+30,71,855131,2019
2,24 pts,38,51,1,24,09:24.5,09:24.5,51,855131,2019
3,,0,CUT,0,0,,,CUT,855131,2019
4,,0,CUT,0,0,,,CUT,855131,2019
5,,0,CUT,0,0,,,CUT,855131,2019
6,,0,CUT,0,0,,,CUT,855131,2019
7,,0,CUT,0,0,,,CUT,855131,2019
8,,0,CUT,0,0,,,CUT,855131,2019
9,,0,CUT,0,0,,,CUT,855131,2019
10,,0,CUT,0,0,,,CUT,855131,2019
11,,0,CUT,0,0,,,CUT,855131,2019
12,,0,CUT,0,0,,,CUT,855131,2019
1,13 pts,8,62,3,13,CAP+22,CAP+22,62,485089,2019
2,15 pts,33,60T,1,15,CAP+1,CAP+1,60T,485089,2019
3,,0,CUT,0,0,,,CUT,485089,2019
4,,0,CUT,0,0,,,CUT,485089,2019
5,,0,CUT,0,0,,,CUT,485089,2019
6,,0,CUT,0,0,,,CUT,485089,2019
7,,0,CUT,0,0,,,CUT,485089,2019
8,,0,CUT,0,0,,,CUT,485089,2019
9,,0,CUT,0,0,,,CUT,485089,2019
10,,0,CUT,0,0,,,CUT,485089,2019
11,,0,CUT,0,0,,,CUT,485089,2019
12,,0,CUT,0,0,,,CUT,485089,2019
1,19 pts,15,56,1,19,CAP+22,CAP+22,56,244718,2019
2,8 pts,10,67T,1,8,CAP+3,CAP+3,67T,244718,2019
3,,0,CUT,0,0,,,CUT,244718,2019
4,,0,CUT,0,0,,,CUT,244718,2019
5,,0,CUT,0,0,,,CUT,244718,2019
6,,0,CUT,0,0,,,CUT,244718,2019
7,,0,CUT,0,0,,,CUT,244718,2019
8,,0,CUT,0,0,,,CUT,244718,2019
9,,0,CUT,0,0,,,CUT,244718,2019
10,,0,CUT,0,0,,,CUT,244718,2019
11,,0,CUT,0,0,,,CUT,244718,2019
12,,0,CUT,0,0,,,CUT,244718,2019
1,18 pts,7,57,2,18,CAP+22,CAP+22,57,1055578,2019
2,8 pts,31,67T,1,8,CAP+3,CAP+3,67T,1055578,2019
3,,0,CUT,0,0,,,CUT,1055578,2019
4,,0,CUT,0,0,,,CUT,1055578,2019
5,,0,CUT,0,0,,,CUT,1055578,2019
6,,0,CUT,0,0,,,CUT,1055578,2019
7,,0,CUT,0,0,,,CUT,1055578,2019
8,,0,CUT,0,0,,,CUT,1055578,2019
9,,0,CUT,0,0,,,CUT,1055578,2019
10,,0,CUT,0,0,,,CUT,1055578,2019
11,,0,CUT,0,0,,,CUT,1055578,2019
12,,0,CUT,0,0,,,CUT,1055578,2019
1,6 pts,9,69T,2,6,CAP+30,CAP+30,69T,359849,2019
2,15 pts,3,60T,1,15,CAP+1,CAP+1,60T,359849,2019
3,,0,CUT,0,0,,,CUT,359849,2019
4,,0,CUT,0,0,,,CUT,359849,2019
5,,0,CUT,0,0,,,CUT,359849,2019
6,,0,CUT,0,0,,,CUT,359849,2019
7,,0,CUT,0,0,,,CUT,359849,2019
8,,0,CUT,0,0,,,CUT,359849,2019
9,,0,CUT,0,0,,,CUT,359849,2019
10,,0,CUT,0,0,,,CUT,359849,2019
11,,0,CUT,0,0,,,CUT,359849,2019
12,,0,CUT,0,0,,,CUT,359849,2019
1,11 pts,23,64,1,11,CAP+24,CAP+24,64,331478,2019
2,8 pts,6,67T,1,8,CAP+3,CAP+3,67T,331478,2019
3,,0,CUT,0,0,,,CUT,331478,2019
4,,0,CUT,0,0,,,CUT,331478,2019
5,,0,CUT,0,0,,,CUT,331478,2019
6,,0,CUT,0,0,,,CUT,331478,2019
7,,0,CUT,0,0,,,CUT,331478,2019
8,,0,CUT,0,0,,,CUT,331478,2019
9,,0,CUT,0,0,,,CUT,331478,2019
10,,0,CUT,0,0,,,CUT,331478,2019
11,,0,CUT,0,0,,,CUT,331478,2019
12,,0,CUT,0,0,,,CUT,331478,2019
1,1 pts,38,74,2,1,CAP+30,CAP+30,74,477570,2019
2,17 pts,1,58,1,17,09:46.2,09:46.2,58,477570,2019
3,,0,CUT,0,0,,,CUT,477570,2019
4,,0,CUT,0,0,,,CUT,477570,2019
5,,0,CUT,0,0,,,CUT,477570,2019
6,,0,CUT,0,0,,,CUT,477570,2019
7,,0,CUT,0,0,,,CUT,477570,2019
8,,0,CUT,0,0,,,CUT,477570,2019
9,,0,CUT,0,0,,,CUT,477570,2019
10,,0,CUT,0,0,,,CUT,477570,2019
11,,0,CUT,0,0,,,CUT,477570,2019
12,,0,CUT,0,0,,,CUT,477570,2019
1,3 pts,27,72,2,3,CAP+30,CAP+30,72,227678,2019
2,15 pts,2,60T,1,15,CAP+1,CAP+1,60T,227678,2019
3,,0,CUT,0,0,,,CUT,227678,2019
4,,0,CUT,0,0,,,CUT,227678,2019
5,,0,CUT,0,0,,,CUT,227678,2019
6,,0,CUT,0,0,,,CUT,227678,2019
7,,0,CUT,0,0,,,CUT,227678,2019
8,,0,CUT,0,0,,,CUT,227678,2019
9,,0,CUT,0,0,,,CUT,227678,2019
10,,0,CUT,0,0,,,CUT,227678,2019
11,,0,CUT,0,0,,,CUT,227678,2019
12,,0,CUT,0,0,,,CUT,227678,2019
1,10 pts,44,65,2,10,CAP+27,CAP+27,65,728984,2019
2,8 pts,35,67T,1,8,CAP+3,CAP+3,67T,728984,2019
3,,0,CUT,0,0,,,CUT,728984,2019
4,,0,CUT,0,0,,,CUT,728984,2019
5,,0,CUT,0,0,,,CUT,728984,2019
6,,0,CUT,0,0,,,CUT,728984,2019
7,,0,CUT,0,0,,,CUT,728984,2019
8,,0,CUT,0,0,,,CUT,728984,2019
9,,0,CUT,0,0,,,CUT,728984,2019
10,,0,CUT,0,0,,,CUT,728984,2019
11,,0,CUT,0,0,,,CUT,728984,2019
12,,0,CUT,0,0,,,CUT,728984,2019
1,9 pts,32,66,2,9,CAP+29,CAP+29,66,156732,2019
2,8 pts,5,67T,1,8,CAP+3,CAP+3,67T,156732,2019
3,,0,CUT,0,0,,,CUT,156732,2019
4,,0,CUT,0,0,,,CUT,156732,2019
5,,0,CUT,0,0,,,CUT,156732,2019
6,,0,CUT,0,0,,,CUT,156732,2019
7,,0,CUT,0,0,,,CUT,156732,2019
8,,0,CUT,0,0,,,CUT,156732,2019
9,,0,CUT,0,0,,,CUT,156732,2019
10,,0,CUT,0,0,,,CUT,156732,2019
11,,0,CUT,0,0,,,CUT,156732,2019
12,,0,CUT,0,0,,,CUT,156732,2019
1,7 pts,11,68,3,7,CAP+30,CAP+30,68,695821,2019
2,8 pts,4,67T,1,8,CAP+3,CAP+3,67T,695821,2019
3,,0,WD,0,0,,,WD,695821,2019
4,,0,WD,0,0,,,WD,695821,2019
5,,0,WD,0,0,,,WD,695821,2019
6,,0,WD,0,0,,,WD,695821,2019
7,,0,WD,0,0,,,WD,695821,2019
8,,0,WD,0,0,,,WD,695821,2019
9,,0,WD,0,0,,,WD,695821,2019
10,,0,WD,0,0,,,WD,695821,2019
11,,0,WD,0,0,,,WD,695821,2019
12,,0,WD,0,0,,,WD,695821,2019
1,2 pts,48,73,1,2,CAP+30,CAP+30,73,468509,2019
2,8 pts,39,67T,1,8,CAP+3,CAP+3,67T,468509,2019
3,,0,CUT,0,0,,,CUT,468509,2019
4,,0,CUT,0,0,,,CUT,468509,2019
5,,0,CUT,0,0,,,CUT,468509,2019
6,,0,CUT,0,0,,,CUT,468509,2019
7,,0,CUT,0,0,,,CUT,468509,2019
8,,0,CUT,0,0,,,CUT,468509,2019
9,,0,CUT,0,0,,,CUT,468509,2019
10,,0,CUT,0,0,,,CUT,468509,2019
11,,0,CUT,0,0,,,CUT,468509,2019
12,,0,CUT,0,0,,,CUT,468509,2019
1,-1 pts,6,76,2,-1,CAP+30,CAP+30,76,517771,2019
2,,0,CUT,0,0,,,CUT,517771,2019
3,,0,CUT,0,0,,,CUT,517771,2019
4,,0,CUT,0,0,,,CUT,517771,2019
5,,0,CUT,0,0,,,CUT,517771,2019
6,,0,CUT,0,0,,,CUT,517771,2019
7,,0,CUT,0,0,,,CUT,517771,2019
8,,0,CUT,0,0,,,CUT,517771,2019
9,,0,CUT,0,0,,,CUT,517771,2019
10,,0,CUT,0,0,,,CUT,517771,2019
11,,0,CUT,0,0,,,CUT,517771,2019
12,,0,CUT,0,0,,,CUT,517771,2019
1,-2 pts,13,77,3,-2,CAP+30,CAP+30,77,764556,2019
2,,0,CUT,0,0,,,CUT,764556,2019
3,,0,CUT,0,0,,,CUT,764556,2019
4,,0,CUT,0,0,,,CUT,764556,2019
5,,0,CUT,0,0,,,CUT,764556,2019
6,,0,CUT,0,0,,,CUT,764556,2019
7,,0,CUT,0,0,,,CUT,764556,2019
8,,0,CUT,0,0,,,CUT,764556,2019
9,,0,CUT,0,0,,,CUT,764556,2019
10,,0,CUT,0,0,,,CUT,764556,2019
11,,0,CUT,0,0,,,CUT,764556,2019
12,,0,CUT,0,0,,,CUT,764556,2019
1,-3 pts,6,78,3,-3,CAP+31,CAP+31,78,683305,2019
2,,0,CUT,0,0,,,CUT,683305,2019
3,,0,CUT,0,0,,,CUT,683305,2019
4,,0,CUT,0,0,,,CUT,683305,2019
5,,0,CUT,0,0,,,CUT,683305,2019
6,,0,CUT,0,0,,,CUT,683305,2019
7,,0,CUT,0,0,,,CUT,683305,2019
8,,0,CUT,0,0,,,CUT,683305,2019
9,,0,CUT,0,0,,,CUT,683305,2019
10,,0,CUT,0,0,,,CUT,683305,2019
11,,0,CUT,0,0,,,CUT,683305,2019
12,,0,CUT,0,0,,,CUT,683305,2019
1,-4 pts,13,79,2,-4,CAP+31,CAP+31,79,295501,2019
2,,0,CUT,0,0,,,CUT,295501,2019
3,,0,CUT,0,0,,,CUT,295501,2019
4,,0,CUT,0,0,,,CUT,295501,2019
5,,0,CUT,0,0,,,CUT,295501,2019
6,,0,CUT,0,0,,,CUT,295501,2019
7,,0,CUT,0,0,,,CUT,295501,2019
8,,0,CUT,0,0,,,CUT,295501,2019
9,,0,CUT,0,0,,,CUT,295501,2019
10,,0,CUT,0,0,,,CUT,295501,2019
11,,0,CUT,0,0,,,CUT,295501,2019
12,,0,CUT,0,0,,,CUT,295501,2019
1,-5 pts,42,80,2,-5,CAP+31,CAP+31,80,1119795,2019
2,,0,CUT,0,0,,,CUT,1119795,2019
3,,0,CUT,0,0,,,CUT,1119795,2019
4,,0,CUT,0,0,,,CUT,1119795,2019
5,,0,CUT,0,0,,,CUT,1119795,2019
6,,0,CUT,0,0,,,CUT,1119795,2019
7,,0,CUT,0,0,,,CUT,1119795,2019
8,,0,CUT,0,0,,,CUT,1119795,2019
9,,0,CUT,0,0,,,CUT,1119795,2019
10,,0,CUT,0,0,,,CUT,1119795,2019
11,,0,CUT,0,0,,,CUT,1119795,2019
12,,0,CUT,0,0,,,CUT,1119795,2019
1,-6 pts,27,81,1,-6,CAP+32,CAP+32,81,978472,2019
2,,0,CUT,0,0,,,CUT,978472,2019
3,,0,CUT,0,0,,,CUT,978472,2019
4,,0,CUT,0,0,,,CUT,978472,2019
5,,0,CUT,0,0,,,CUT,978472,2019
6,,0,CUT,0,0,,,CUT,978472,2019
7,,0,CUT,0,0,,,CUT,978472,2019
8,,0,CUT,0,0,,,CUT,978472,2019
9,,0,CUT,0,0,,,CUT,978472,2019
10,,0,CUT,0,0,,,CUT,978472,2019
11,,0,CUT,0,0,,,CUT,978472,2019
12,,0,CUT,0,0,,,CUT,978472,2019
1,-7 pts,34,82,2,-7,CAP+32,CAP+32,82,663979,2019
2,,0,CUT,0,0,,,CUT,663979,2019
3,,0,CUT,0,0,,,CUT,663979,2019
4,,0,CUT,0,0,,,CUT,663979,2019
5,,0,CUT,0,0,,,CUT,663979,2019
6,,0,CUT,0,0,,,CUT,663979,2019
7,,0,CUT,0,0,,,CUT,663979,2019
8,,0,CUT,0,0,,,CUT,663979,2019
9,,0,CUT,0,0,,,CUT,663979,2019
10,,0,CUT,0,0,,,CUT,663979,2019
11,,0,CUT,0,0,,,CUT,663979,2019
12,,0,CUT,0,0,,,CUT,663979,2019
1,-8 pts,33,83,1,-8,CAP+33,CAP+33,83,498697,2019
2,,0,CUT,0,0,,,CUT,498697,2019
3,,0,CUT,0,0,,,CUT,498697,2019
4,,0,CUT,0,0,,,CUT,498697,2019
5,,0,CUT,0,0,,,CUT,498697,2019
6,,0,CUT,0,0,,,CUT,498697,2019
7,,0,CUT,0,0,,,CUT,498697,2019
8,,0,CUT,0,0,,,CUT,498697,2019
9,,0,CUT,0,0,,,CUT,498697,2019
10,,0,CUT,0,0,,,CUT,498697,2019
11,,0,CUT,0,0,,,CUT,498697,2019
12,,0,CUT,0,0,,,CUT,498697,2019
1,-9 pts,26,84,1,-9,CAP+34,CAP+34,84,1351483,2019
2,,0,CUT,0,0,,,CUT,1351483,2019
3,,0,CUT,0,0,,,CUT,1351483,2019
4,,0,CUT,0,0,,,CUT,1351483,2019
5,,0,CUT,0,0,,,CUT,1351483,2019
6,,0,CUT,0,0,,,CUT,1351483,2019
7,,0,CUT,0,0,,,CUT,1351483,2019
8,,0,CUT,0,0,,,CUT,1351483,2019
9,,0,CUT,0,0,,,CUT,1351483,2019
10,,0,CUT,0,0,,,CUT,1351483,2019
11,,0,CUT,0,0,,,CUT,1351483,2019
12,,0,CUT,0,0,,,CUT,1351483,2019
1,-10 pts,20,85,1,-10,CAP+36,CAP+36,85,922058,2019
2,,0,CUT,0,0,,,CUT,922058,2019
3,,0,CUT,0,0,,,CUT,922058,2019
4,,0,CUT,0,0,,,CUT,922058,2019
5,,0,CUT,0,0,,,CUT,922058,2019
6,,0,CUT,0,0,,,CUT,922058,2019
7,,0,CUT,0,0,,,CUT,922058,2019
8,,0,CUT,0,0,,,CUT,922058,2019
9,,0,CUT,0,0,,,CUT,922058,2019
10,,0,CUT,0,0,,,CUT,922058,2019
11,,0,CUT,0,0,,,CUT,922058,2019
12,,0,CUT,0,0,,,CUT,922058,2019
1,-11 pts,4,86,2,-11,CAP+36,CAP+36,86,953791,2019
2,,0,CUT,0,0,,,CUT,953791,2019
3,,0,CUT,0,0,,,CUT,953791,2019
4,,0,CUT,0,0,,,CUT,953791,2019
5,,0,CUT,0,0,,,CUT,953791,2019
6,,0,CUT,0,0,,,CUT,953791,2019
7,,0,CUT,0,0,,,CUT,953791,2019
8,,0,CUT,0,0,,,CUT,953791,2019
9,,0,CUT,0,0,,,CUT,953791,2019
10,,0,CUT,0,0,,,CUT,953791,2019
11,,0,CUT,0,0,,,CUT,953791,2019
12,,0,CUT,0,0,,,CUT,953791,2019
1,-12 pts,24,87,1,-12,CAP+37,CAP+37,87,1217058,2019
2,,0,CUT,0,0,,,CUT,1217058,2019
3,,0,CUT,0,0,,,CUT,1217058,2019
4,,0,CUT,0,0,,,CUT,1217058,2019
5,,0,CUT,0,0,,,CUT,1217058,2019
6,,0,CUT,0,0,,,CUT,1217058,2019
7,,0,CUT,0,0,,,CUT,1217058,2019
8,,0,CUT,0,0,,,CUT,1217058,2019
9,,0,CUT,0,0,,,CUT,1217058,2019
10,,0,CUT,0,0,,,CUT,1217058,2019
11,,0,CUT,0,0,,,CUT,1217058,2019
12,,0,CUT,0,0,,,CUT,1217058,2019
1,-13 pts,19,88,1,-13,CAP+40,CAP+40,88,899345,2019
2,,0,CUT,0,0,,,CUT,899345,2019
3,,0,CUT,0,0,,,CUT,899345,2019
4,,0,CUT,0,0,,,CUT,899345,2019
5,,0,CUT,0,0,,,CUT,899345,2019
6,,0,CUT,0,0,,,CUT,899345,2019
7,,0,CUT,0,0,,,CUT,899345,2019
8,,0,CUT,0,0,,,CUT,899345,2019
9,,0,CUT,0,0,,,CUT,899345,2019
10,,0,CUT,0,0,,,CUT,899345,2019
11,,0,CUT,0,0,,,CUT,899345,2019
12,,0,CUT,0,0,,,CUT,899345,2019
1,-14 pts,35,89,1,-14,CAP+40,CAP+40,89,297753,2019
2,,0,CUT,0,0,,,CUT,297753,2019
3,,0,CUT,0,0,,,CUT,297753,2019
4,,0,CUT,0,0,,,CUT,297753,2019
5,,0,CUT,0,0,,,CUT,297753,2019
6,,0,CUT,0,0,,,CUT,297753,2019
7,,0,CUT,0,0,,,CUT,297753,2019
8,,0,CUT,0,0,,,CUT,297753,2019
9,,0,CUT,0,0,,,CUT,297753,2019
10,,0,CUT,0,0,,,CUT,297753,2019
11,,0,CUT,0,0,,,CUT,297753,2019
12,,0,CUT,0,0,,,CUT,297753,2019
1,-15 pts,10,90,1,-15,CAP+40,CAP+40,90,661734,2019
2,,0,CUT,0,0,,,CUT,661734,2019
3,,0,CUT,0,0,,,CUT,661734,2019
4,,0,CUT,0,0,,,CUT,661734,2019
5,,0,CUT,0,0,,,CUT,661734,2019
6,,0,CUT,0,0,,,CUT,661734,2019
7,,0,CUT,0,0,,,CUT,661734,2019
8,,0,CUT,0,0,,,CUT,661734,2019
9,,0,CUT,0,0,,,CUT,661734,2019
10,,0,CUT,0,0,,,CUT,661734,2019
11,,0,CUT,0,0,,,CUT,661734,2019
12,,0,CUT,0,0,,,CUT,661734,2019
1,-16 pts,46,91,2,-16,CAP+40,CAP+40,91,106380,2019
2,,0,CUT,0,0,,,CUT,106380,2019
3,,0,CUT,0,0,,,CUT,106380,2019
4,,0,CUT,0,0,,,CUT,106380,2019
5,,0,CUT,0,0,,,CUT,106380,2019
6,,0,CUT,0,0,,,CUT,106380,2019
7,,0,CUT,0,0,,,CUT,106380,2019
8,,0,CUT,0,0,,,CUT,106380,2019
9,,0,CUT,0,0,,,CUT,106380,2019
10,,0,CUT,0,0,,,CUT,106380,2019
11,,0,CUT,0,0,,,CUT,106380,2019
12,,0,CUT,0,0,,,CUT,106380,2019
1,-17 pts,25,92T,1,-17,CAP+41,CAP+41,92T,1237131,2019
2,,0,CUT,0,0,,,CUT,1237131,2019
3,,0,CUT,0,0,,,CUT,1237131,2019
4,,0,CUT,0,0,,,CUT,1237131,2019
5,,0,CUT,0,0,,,CUT,1237131,2019
6,,0,CUT,0,0,,,CUT,1237131,2019
7,,0,CUT,0,0,,,CUT,1237131,2019
8,,0,CUT,0,0,,,CUT,1237131,2019
9,,0,CUT,0,0,,,CUT,1237131,2019
10,,0,CUT,0,0,,,CUT,1237131,2019
11,,0,CUT,0,0,,,CUT,1237131,2019
12,,0,CUT,0,0,,,CUT,1237131,2019
1,-17 pts,36,92T,1,-17,CAP+41,CAP+41,92T,451905,2019
2,,0,CUT,0,0,,,CUT,451905,2019
3,,0,CUT,0,0,,,CUT,451905,2019
4,,0,CUT,0,0,,,CUT,451905,2019
5,,0,CUT,0,0,,,CUT,451905,2019
6,,0,CUT,0,0,,,CUT,451905,2019
7,,0,CUT,0,0,,,CUT,451905,2019
8,,0,CUT,0,0,,,CUT,451905,2019
9,,0,CUT,0,0,,,CUT,451905,2019
10,,0,CUT,0,0,,,CUT,451905,2019
11,,0,CUT,0,0,,,CUT,451905,2019
12,,0,CUT,0,0,,,CUT,451905,2019
1,-17 pts,37,92T,2,-17,CAP+41,CAP+41,92T,737357,2019
2,,0,CUT,0,0,,,CUT,737357,2019
3,,0,CUT,0,0,,,CUT,737357,2019
4,,0,CUT,0,0,,,CUT,737357,2019
5,,0,CUT,0,0,,,CUT,737357,2019
6,,0,CUT,0,0,,,CUT,737357,2019
7,,0,CUT,0,0,,,CUT,737357,2019
8,,0,CUT,0,0,,,CUT,737357,2019
9,,0,CUT,0,0,,,CUT,737357,2019
10,,0,CUT,0,0,,,CUT,737357,2019
11,,0,CUT,0,0,,,CUT,737357,2019
12,,0,CUT,0,0,,,CUT,737357,2019
1,-17 pts,35,92T,2,-17,CAP+41,CAP+41,92T,456619,2019
2,,0,CUT,0,0,,,CUT,456619,2019
3,,0,CUT,0,0,,,CUT,456619,2019
4,,0,CUT,0,0,,,CUT,456619,2019
5,,0,CUT,0,0,,,CUT,456619,2019
6,,0,CUT,0,0,,,CUT,456619,2019
7,,0,CUT,0,0,,,CUT,456619,2019
8,,0,CUT,0,0,,,CUT,456619,2019
9,,0,CUT,0,0,,,CUT,456619,2019
10,,0,CUT,0,0,,,CUT,456619,2019
11,,0,CUT,0,0,,,CUT,456619,2019
12,,0,CUT,0,0,,,CUT,456619,2019
1,-17 pts,29,92T,1,-17,CAP+41,CAP+41,92T,685943,2019
2,,0,CUT,0,0,,,CUT,685943,2019
3,,0,CUT,0,0,,,CUT,685943,2019
4,,0,CUT,0,0,,,CUT,685943,2019
5,,0,CUT,0,0,,,CUT,685943,2019
6,,0,CUT,0,0,,,CUT,685943,2019
7,,0,CUT,0,0,,,CUT,685943,2019
8,,0,CUT,0,0,,,CUT,685943,2019
9,,0,CUT,0,0,,,CUT,685943,2019
10,,0,CUT,0,0,,,CUT,685943,2019
11,,0,CUT,0,0,,,CUT,685943,2019
12,,0,CUT,0,0,,,CUT,685943,2019
1,-17 pts,32,92T,1,-17,CAP+41,CAP+41,92T,239902,2019
2,,0,CUT,0,0,,,CUT,239902,2019
3,,0,CUT,0,0,,,CUT,239902,2019
4,,0,CUT,0,0,,,CUT,239902,2019
5,,0,CUT,0,0,,,CUT,239902,2019
6,,0,CUT,0,0,,,CUT,239902,2019
7,,0,CUT,0,0,,,CUT,239902,2019
8,,0,CUT,0,0,,,CUT,239902,2019
9,,0,CUT,0,0,,,CUT,239902,2019
10,,0,CUT,0,0,,,CUT,239902,2019
11,,0,CUT,0,0,,,CUT,239902,2019
12,,0,CUT,0,0,,,CUT,239902,2019
1,-17 pts,45,92T,2,-17,CAP+41,CAP+41,92T,239210,2019
2,,0,CUT,0,0,,,CUT,239210,2019
3,,0,CUT,0,0,,,CUT,239210,2019
4,,0,CUT,0,0,,,CUT,239210,2019
5,,0,CUT,0,0,,,CUT,239210,2019
6,,0,CUT,0,0,,,CUT,239210,2019
7,,0,CUT,0,0,,,CUT,239210,2019
8,,0,CUT,0,0,,,CUT,239210,2019
9,,0,CUT,0,0,,,CUT,239210,2019
10,,0,CUT,0,0,,,CUT,239210,2019
11,,0,CUT,0,0,,,CUT,239210,2019
12,,0,CUT,0,0,,,CUT,239210,2019
1,-17 pts,9,92T,3,-17,CAP+41,CAP+41,92T,534577,2019
2,,0,CUT,0,0,,,CUT,534577,2019
3,,0,CUT,0,0,,,CUT,534577,2019
4,,0,CUT,0,0,,,CUT,534577,2019
5,,0,CUT,0,0,,,CUT,534577,2019
6,,0,CUT,0,0,,,CUT,534577,2019
7,,0,CUT,0,0,,,CUT,534577,2019
8,,0,CUT,0,0,,,CUT,534577,2019
9,,0,CUT,0,0,,,CUT,534577,2019
10,,0,CUT,0,0,,,CUT,534577,2019
11,,0,CUT,0,0,,,CUT,534577,2019
12,,0,CUT,0,0,,,CUT,534577,2019
1,-17 pts,15,92T,2,-17,CAP+41,CAP+41,92T,101929,2019
2,,0,CUT,0,0,,,CUT,101929,2019
3,,0,CUT,0,0,,,CUT,101929,2019
4,,0,CUT,0,0,,,CUT,101929,2019
5,,0,CUT,0,0,,,CUT,101929,2019
6,,0,CUT,0,0,,,CUT,101929,2019
7,,0,CUT,0,0,,,CUT,101929,2019
8,,0,CUT,0,0,,,CUT,101929,2019
9,,0,CUT,0,0,,,CUT,101929,2019
10,,0,CUT,0,0,,,CUT,101929,2019
11,,0,CUT,0,0,,,CUT,101929,2019
12,,0,CUT,0,0,,,CUT,101929,2019
1,-17 pts,11,92T,1,-17,CAP+41,CAP+41,92T,1280595,2019
2,,0,CUT,0,0,,,CUT,1280595,2019
3,,0,CUT,0,0,,,CUT,1280595,2019
4,,0,CUT,0,0,,,CUT,1280595,2019
5,,0,CUT,0,0,,,CUT,1280595,2019
6,,0,CUT,0,0,,,CUT,1280595,2019
7,,0,CUT,0,0,,,CUT,1280595,2019
8,,0,CUT,0,0,,,CUT,1280595,2019
9,,0,CUT,0,0,,,CUT,1280595,2019
10,,0,CUT,0,0,,,CUT,1280595,2019
11,,0,CUT,0,0,,,CUT,1280595,2019
12,,0,CUT,0,0,,,CUT,1280595,2019
1,-27 pts,11,102T,2,-27,CAP+42 ,CAP+42,102T,56664,2019
2,,0,CUT,0,0,,,CUT,56664,2019
3,,0,CUT,0,0,,,CUT,56664,2019
4,,0,CUT,0,0,,,CUT,56664,2019
5,,0,CUT,0,0,,,CUT,56664,2019
6,,0,CUT,0,0,,,CUT,56664,2019
7,,0,CUT,0,0,,,CUT,56664,2019
8,,0,CUT,0,0,,,CUT,56664,2019
9,,0,CUT,0,0,,,CUT,56664,2019
10,,0,CUT,0,0,,,CUT,56664,2019
11,,0,CUT,0,0,,,CUT,56664,2019
12,,0,CUT,0,0,,,CUT,56664,2019
1,-27 pts,21,102T,1,-27,CAP+42 ,CAP+42,102T,444527,2019
2,,0,CUT,0,0,,,CUT,444527,2019
3,,0,CUT,0,0,,,CUT,444527,2019
4,,0,CUT,0,0,,,CUT,444527,2019
5,,0,CUT,0,0,,,CUT,444527,2019
6,,0,CUT,0,0,,,CUT,444527,2019
7,,0,CUT,0,0,,,CUT,444527,2019
8,,0,CUT,0,0,,,CUT,444527,2019
9,,0,CUT,0,0,,,CUT,444527,2019
10,,0,CUT,0,0,,,CUT,444527,2019
11,,0,CUT,0,0,,,CUT,444527,2019
12,,0,CUT,0,0,,,CUT,444527,2019
1,-27 pts,41,102T,2,-27,CAP+42 ,CAP+42,102T,1192351,2019
2,,0,CUT,0,0,,,CUT,1192351,2019
3,,0,CUT,0,0,,,CUT,1192351,2019
4,,0,CUT,0,0,,,CUT,1192351,2019
5,,0,CUT,0,0,,,CUT,1192351,2019
6,,0,CUT,0,0,,,CUT,1192351,2019
7,,0,CUT,0,0,,,CUT,1192351,2019
8,,0,CUT,0,0,,,CUT,1192351,2019
9,,0,CUT,0,0,,,CUT,1192351,2019
10,,0,CUT,0,0,,,CUT,1192351,2019
11,,0,CUT,0,0,,,CUT,1192351,2019
12,,0,CUT,0,0,,,CUT,1192351,2019
1,-27 pts,47,102T,2,-27,CAP+42 ,CAP+42,102T,345836,2019
2,,0,CUT,0,0,,,CUT,345836,2019
3,,0,CUT,0,0,,,CUT,345836,2019
4,,0,CUT,0,0,,,CUT,345836,2019
5,,0,CUT,0,0,,,CUT,345836,2019
6,,0,CUT,0,0,,,CUT,345836,2019
7,,0,CUT,0,0,,,CUT,345836,2019
8,,0,CUT,0,0,,,CUT,345836,2019
9,,0,CUT,0,0,,,CUT,345836,2019
10,,0,CUT,0,0,,,CUT,345836,2019
11,,0,CUT,0,0,,,CUT,345836,2019
12,,0,CUT,0,0,,,CUT,345836,2019
1,-27 pts,41,102T,1,-27,CAP+42 ,CAP+42,102T,1203632,2019
2,,0,CUT,0,0,,,CUT,1203632,2019
3,,0,CUT,0,0,,,CUT,1203632,2019
4,,0,CUT,0,0,,,CUT,1203632,2019
5,,0,CUT,0,0,,,CUT,1203632,2019
6,,0,CUT,0,0,,,CUT,1203632,2019
7,,0,CUT,0,0,,,CUT,1203632,2019
8,,0,CUT,0,0,,,CUT,1203632,2019
9,,0,CUT,0,0,,,CUT,1203632,2019
10,,0,CUT,0,0,,,CUT,1203632,2019
11,,0,CUT,0,0,,,CUT,1203632,2019
12,,0,CUT,0,0,,,CUT,1203632,2019
1,-27 pts,8,102T,2,-27,CAP+42 ,CAP+42,102T,893571,2019
2,,0,CUT,0,0,,,CUT,893571,2019
3,,0,CUT,0,0,,,CUT,893571,2019
4,,0,CUT,0,0,,,CUT,893571,2019
5,,0,CUT,0,0,,,CUT,893571,2019
6,,0,CUT,0,0,,,CUT,893571,2019
7,,0,CUT,0,0,,,CUT,893571,2019
8,,0,CUT,0,0,,,CUT,893571,2019
9,,0,CUT,0,0,,,CUT,893571,2019
10,,0,CUT,0,0,,,CUT,893571,2019
11,,0,CUT,0,0,,,CUT,893571,2019
12,,0,CUT,0,0,,,CUT,893571,2019
1,-27 pts,18,102T,1,-27,CAP+42 ,CAP+42,102T,586509,2019
2,,0,CUT,0,0,,,CUT,586509,2019
3,,0,CUT,0,0,,,CUT,586509,2019
4,,0,CUT,0,0,,,CUT,586509,2019
5,,0,CUT,0,0,,,CUT,586509,2019
6,,0,CUT,0,0,,,CUT,586509,2019
7,,0,CUT,0,0,,,CUT,586509,2019
8,,0,CUT,0,0,,,CUT,586509,2019
9,,0,CUT,0,0,,,CUT,586509,2019
10,,0,CUT,0,0,,,CUT,586509,2019
11,,0,CUT,0,0,,,CUT,586509,2019
12,,0,CUT,0,0,,,CUT,586509,2019
1,-27 pts,39,102T,1,-27,CAP+42 ,CAP+42,102T,1037933,2019
2,,0,CUT,0,0,,,CUT,1037933,2019
3,,0,CUT,0,0,,,CUT,1037933,2019
4,,0,CUT,0,0,,,CUT,1037933,2019
5,,0,CUT,0,0,,,CUT,1037933,2019
6,,0,CUT,0,0,,,CUT,1037933,2019
7,,0,CUT,0,0,,,CUT,1037933,2019
8,,0,CUT,0,0,,,CUT,1037933,2019
9,,0,CUT,0,0,,,CUT,1037933,2019
10,,0,CUT,0,0,,,CUT,1037933,2019
11,,0,CUT,0,0,,,CUT,1037933,2019
12,,0,CUT,0,0,,,CUT,1037933,2019
1,-27 pts,13,102T,1,-27,CAP+42 ,CAP+42,102T,1111705,2019
2,,0,CUT,0,0,,,CUT,1111705,2019
3,,0,CUT,0,0,,,CUT,1111705,2019
4,,0,CUT,0,0,,,CUT,1111705,2019
5,,0,CUT,0,0,,,CUT,1111705,2019
6,,0,CUT,0,0,,,CUT,1111705,2019
7,,0,CUT,0,0,,,CUT,1111705,2019
8,,0,CUT,0,0,,,CUT,1111705,2019
9,,0,CUT,0,0,,,CUT,1111705,2019
10,,0,CUT,0,0,,,CUT,1111705,2019
11,,0,CUT,0,0,,,CUT,1111705,2019
12,,0,CUT,0,0,,,CUT,1111705,2019
1,-27 pts,12,102T,2,-27,CAP+42 ,CAP+42,102T,687711,2019
2,,0,CUT,0,0,,,CUT,687711,2019
3,,0,CUT,0,0,,,CUT,687711,2019
4,,0,CUT,0,0,,,CUT,687711,2019
5,,0,CUT,0,0,,,CUT,687711,2019
6,,0,CUT,0,0,,,CUT,687711,2019
7,,0,CUT,0,0,,,CUT,687711,2019
8,,0,CUT,0,0,,,CUT,687711,2019
9,,0,CUT,0,0,,,CUT,687711,2019
10,,0,CUT,0,0,,,CUT,687711,2019
11,,0,CUT,0,0,,,CUT,687711,2019
12,,0,CUT,0,0,,,CUT,687711,2019
1,-27 pts,36,102T,2,-27,CAP+42 ,CAP+42,102T,382954,2019
2,,0,CUT,0,0,,,CUT,382954,2019
3,,0,CUT,0,0,,,CUT,382954,2019
4,,0,CUT,0,0,,,CUT,382954,2019
5,,0,CUT,0,0,,,CUT,382954,2019
6,,0,CUT,0,0,,,CUT,382954,2019
7,,0,CUT,0,0,,,CUT,382954,2019
8,,0,CUT,0,0,,,CUT,382954,2019
9,,0,CUT,0,0,,,CUT,382954,2019
10,,0,CUT,0,0,,,CUT,382954,2019
11,,0,CUT,0,0,,,CUT,382954,2019
12,,0,CUT,0,0,,,CUT,382954,2019
1,-27 pts,34,102T,1,-27,CAP+42 ,CAP+42,102T,106999,2019
2,,0,CUT,0,0,,,CUT,106999,2019
3,,0,CUT,0,0,,,CUT,106999,2019
4,,0,CUT,0,0,,,CUT,106999,2019
5,,0,CUT,0,0,,,CUT,106999,2019
6,,0,CUT,0,0,,,CUT,106999,2019
7,,0,CUT,0,0,,,CUT,106999,2019
8,,0,CUT,0,0,,,CUT,106999,2019
9,,0,CUT,0,0,,,CUT,106999,2019
10,,0,CUT,0,0,,,CUT,106999,2019
11,,0,CUT,0,0,,,CUT,106999,2019
12,,0,CUT,0,0,,,CUT,106999,2019
1,-27 pts,17,102T,1,-27,CAP+42 ,CAP+42,102T,1169213,2019
2,,0,CUT,0,0,,,CUT,1169213,2019
3,,0,CUT,0,0,,,CUT,1169213,2019
4,,0,CUT,0,0,,,CUT,1169213,2019
5,,0,CUT,0,0,,,CUT,1169213,2019
6,,0,CUT,0,0,,,CUT,1169213,2019
7,,0,CUT,0,0,,,CUT,1169213,2019
8,,0,CUT,0,0,,,CUT,1169213,2019
9,,0,CUT,0,0,,,CUT,1169213,2019
10,,0,CUT,0,0,,,CUT,1169213,2019
11,,0,CUT,0,0,,,CUT,1169213,2019
12,,0,CUT,0,0,,,CUT,1169213,2019
1,-27 pts,16,102T,1,-27,CAP+42 ,CAP+42,102T,246355,2019
2,,0,CUT,0,0,,,CUT,246355,2019
3,,0,CUT,0,0,,,CUT,246355,2019
4,,0,CUT,0,0,,,CUT,246355,2019
5,,0,CUT,0,0,,,CUT,246355,2019
6,,0,CUT,0,0,,,CUT,246355,2019
7,,0,CUT,0,0,,,CUT,246355,2019
8,,0,CUT,0,0,,,CUT,246355,2019
9,,0,CUT,0,0,,,CUT,246355,2019
10,,0,CUT,0,0,,,CUT,246355,2019
11,,0,CUT,0,0,,,CUT,246355,2019
12,,0,CUT,0,0,,,CUT,246355,2019
1,-27 pts,37,102T,1,-27,CAP+42 ,CAP+42,102T,671201,2019
2,,0,CUT,0,0,,,CUT,671201,2019
3,,0,CUT,0,0,,,CUT,671201,2019
4,,0,CUT,0,0,,,CUT,671201,2019
5,,0,CUT,0,0,,,CUT,671201,2019
6,,0,CUT,0,0,,,CUT,671201,2019
7,,0,CUT,0,0,,,CUT,671201,2019
8,,0,CUT,0,0,,,CUT,671201,2019
9,,0,CUT,0,0,,,CUT,671201,2019
10,,0,CUT,0,0,,,CUT,671201,2019
11,,0,CUT,0,0,,,CUT,671201,2019
12,,0,CUT,0,0,,,CUT,671201,2019
1,-42 pts,12,117T,1,-42,CAP+43 ,CAP+43,117T,1131171,2019
2,,0,CUT,0,0,,,CUT,1131171,2019
3,,0,CUT,0,0,,,CUT,1131171,2019
4,,0,CUT,0,0,,,CUT,1131171,2019
5,,0,CUT,0,0,,,CUT,1131171,2019
6,,0,CUT,0,0,,,CUT,1131171,2019
7,,0,CUT,0,0,,,CUT,1131171,2019
8,,0,CUT,0,0,,,CUT,1131171,2019
9,,0,CUT,0,0,,,CUT,1131171,2019
10,,0,CUT,0,0,,,CUT,1131171,2019
11,,0,CUT,0,0,,,CUT,1131171,2019
12,,0,CUT,0,0,,,CUT,1131171,2019
1,-42 pts,48,117T,2,-42,CAP+43 ,CAP+43,117T,419506,2019
2,,0,CUT,0,0,,,CUT,419506,2019
3,,0,CUT,0,0,,,CUT,419506,2019
4,,0,CUT,0,0,,,CUT,419506,2019
5,,0,CUT,0,0,,,CUT,419506,2019
6,,0,CUT,0,0,,,CUT,419506,2019
7,,0,CUT,0,0,,,CUT,419506,2019
8,,0,CUT,0,0,,,CUT,419506,2019
9,,0,CUT,0,0,,,CUT,419506,2019
10,,0,CUT,0,0,,,CUT,419506,2019
11,,0,CUT,0,0,,,CUT,419506,2019
12,,0,CUT,0,0,,,CUT,419506,2019
1,-42 pts,14,117T,1,-42,CAP+43 ,CAP+43,117T,768482,2019
2,,0,CUT,0,0,,,CUT,768482,2019
3,,0,CUT,0,0,,,CUT,768482,2019
4,,0,CUT,0,0,,,CUT,768482,2019
5,,0,CUT,0,0,,,CUT,768482,2019
6,,0,CUT,0,0,,,CUT,768482,2019
7,,0,CUT,0,0,,,CUT,768482,2019
8,,0,CUT,0,0,,,CUT,768482,2019
9,,0,CUT,0,0,,,CUT,768482,2019
10,,0,CUT,0,0,,,CUT,768482,2019
11,,0,CUT,0,0,,,CUT,768482,2019
12,,0,CUT,0,0,,,CUT,768482,2019
1,-42 pts,45,117T,1,-42,CAP+43 ,CAP+43,117T,1521380,2019
2,,0,CUT,0,0,,,CUT,1521380,2019
3,,0,CUT,0,0,,,CUT,1521380,2019
4,,0,CUT,0,0,,,CUT,1521380,2019
5,,0,CUT,0,0,,,CUT,1521380,2019
6,,0,CUT,0,0,,,CUT,1521380,2019
7,,0,CUT,0,0,,,CUT,1521380,2019
8,,0,CUT,0,0,,,CUT,1521380,2019
9,,0,CUT,0,0,,,CUT,1521380,2019
10,,0,CUT,0,0,,,CUT,1521380,2019
11,,0,CUT,0,0,,,CUT,1521380,2019
12,,0,CUT,0,0,,,CUT,1521380,2019
1,-42 pts,38,117T,1,-42,CAP+43 ,CAP+43,117T,488881,2019
2,,0,CUT,0,0,,,CUT,488881,2019
3,,0,CUT,0,0,,,CUT,488881,2019
4,,0,CUT,0,0,,,CUT,488881,2019
5,,0,CUT,0,0,,,CUT,488881,2019
6,,0,CUT,0,0,,,CUT,488881,2019
7,,0,CUT,0,0,,,CUT,488881,2019
8,,0,CUT,0,0,,,CUT,488881,2019
9,,0,CUT,0,0,,,CUT,488881,2019
10,,0,CUT,0,0,,,CUT,488881,2019
11,,0,CUT,0,0,,,CUT,488881,2019
12,,0,CUT,0,0,,,CUT,488881,2019
1,-42 pts,30,117T,2,-42,CAP+43 ,CAP+43,117T,277184,2019
2,,0,CUT,0,0,,,CUT,277184,2019
3,,0,CUT,0,0,,,CUT,277184,2019
4,,0,CUT,0,0,,,CUT,277184,2019
5,,0,CUT,0,0,,,CUT,277184,2019
6,,0,CUT,0,0,,,CUT,277184,2019
7,,0,CUT,0,0,,,CUT,277184,2019
8,,0,CUT,0,0,,,CUT,277184,2019
9,,0,CUT,0,0,,,CUT,277184,2019
10,,0,CUT,0,0,,,CUT,277184,2019
11,,0,CUT,0,0,,,CUT,277184,2019
12,,0,CUT,0,0,,,CUT,277184,2019
1,-42 pts,30,117T,1,-42,CAP+43 ,CAP+43,117T,683201,2019
2,,0,CUT,0,0,,,CUT,683201,2019
3,,0,CUT,0,0,,,CUT,683201,2019
4,,0,CUT,0,0,,,CUT,683201,2019
5,,0,CUT,0,0,,,CUT,683201,2019
6,,0,CUT,0,0,,,CUT,683201,2019
7,,0,CUT,0,0,,,CUT,683201,2019
8,,0,CUT,0,0,,,CUT,683201,2019
9,,0,CUT,0,0,,,CUT,683201,2019
10,,0,CUT,0,0,,,CUT,683201,2019
11,,0,CUT,0,0,,,CUT,683201,2019
12,,0,CUT,0,0,,,CUT,683201,2019
1,-42 pts,7,117T,1,-42,CAP+43 ,CAP+43,117T,280553,2019
2,,0,CUT,0,0,,,CUT,280553,2019
3,,0,CUT,0,0,,,CUT,280553,2019
4,,0,CUT,0,0,,,CUT,280553,2019
5,,0,CUT,0,0,,,CUT,280553,2019
6,,0,CUT,0,0,,,CUT,280553,2019
7,,0,CUT,0,0,,,CUT,280553,2019
8,,0,CUT,0,0,,,CUT,280553,2019
9,,0,CUT,0,0,,,CUT,280553,2019
10,,0,CUT,0,0,,,CUT,280553,2019
11,,0,CUT,0,0,,,CUT,280553,2019
12,,0,CUT,0,0,,,CUT,280553,2019
1,-42 pts,8,117T,1,-42,CAP+43 ,CAP+43,117T,975294,2019
2,,0,CUT,0,0,,,CUT,975294,2019
3,,0,CUT,0,0,,,CUT,975294,2019
4,,0,CUT,0,0,,,CUT,975294,2019
5,,0,CUT,0,0,,,CUT,975294,2019
6,,0,CUT,0,0,,,CUT,975294,2019
7,,0,CUT,0,0,,,CUT,975294,2019
8,,0,CUT,0,0,,,CUT,975294,2019
9,,0,CUT,0,0,,,CUT,975294,2019
10,,0,CUT,0,0,,,CUT,975294,2019
11,,0,CUT,0,0,,,CUT,975294,2019
12,,0,CUT,0,0,,,CUT,975294,2019
1,-42 pts,43,117T,1,-42,CAP+43 ,CAP+43,117T,1176528,2019
2,,0,CUT,0,0,,,CUT,1176528,2019
3,,0,CUT,0,0,,,CUT,1176528,2019
4,,0,CUT,0,0,,,CUT,1176528,2019
5,,0,CUT,0,0,,,CUT,1176528,2019
6,,0,CUT,0,0,,,CUT,1176528,2019
7,,0,CUT,0,0,,,CUT,1176528,2019
8,,0,CUT,0,0,,,CUT,1176528,2019
9,,0,CUT,0,0,,,CUT,1176528,2019
10,,0,CUT,0,0,,,CUT,1176528,2019
11,,0,CUT,0,0,,,CUT,1176528,2019
12,,0,CUT,0,0,,,CUT,1176528,2019
1,-42 pts,9,117T,1,-42,CAP+43 ,CAP+43,117T,1218177,2019
2,,0,CUT,0,0,,,CUT,1218177,2019
3,,0,CUT,0,0,,,CUT,1218177,2019
4,,0,CUT,0,0,,,CUT,1218177,2019
5,,0,CUT,0,0,,,CUT,1218177,2019
6,,0,CUT,0,0,,,CUT,1218177,2019
7,,0,CUT,0,0,,,CUT,1218177,2019
8,,0,CUT,0,0,,,CUT,1218177,2019
9,,0,CUT,0,0,,,CUT,1218177,2019
10,,0,CUT,0,0,,,CUT,1218177,2019
11,,0,CUT,0,0,,,CUT,1218177,2019
12,,0,CUT,0,0,,,CUT,1218177,2019
1,-42 pts,40,117T,1,-42,CAP+43 ,CAP+43,117T,1243131,2019
2,,0,CUT,0,0,,,CUT,1243131,2019
3,,0,CUT,0,0,,,CUT,1243131,2019
4,,0,CUT,0,0,,,CUT,1243131,2019
5,,0,CUT,0,0,,,CUT,1243131,2019
6,,0,CUT,0,0,,,CUT,1243131,2019
7,,0,CUT,0,0,,,CUT,1243131,2019
8,,0,CUT,0,0,,,CUT,1243131,2019
9,,0,CUT,0,0,,,CUT,1243131,2019
10,,0,CUT,0,0,,,CUT,1243131,2019
11,,0,CUT,0,0,,,CUT,1243131,2019
12,,0,CUT,0,0,,,CUT,1243131,2019
1,-42 pts,31,117T,1,-42,CAP+43 ,CAP+43,117T,1521928,2019
2,,0,CUT,0,0,,,CUT,1521928,2019
3,,0,CUT,0,0,,,CUT,1521928,2019
4,,0,CUT,0,0,,,CUT,1521928,2019
5,,0,CUT,0,0,,,CUT,1521928,2019
6,,0,CUT,0,0,,,CUT,1521928,2019
7,,0,CUT,0,0,,,CUT,1521928,2019
8,,0,CUT,0,0,,,CUT,1521928,2019
9,,0,CUT,0,0,,,CUT,1521928,2019
10,,0,CUT,0,0,,,CUT,1521928,2019
11,,0,CUT,0,0,,,CUT,1521928,2019
12,,0,CUT,0,0,,,CUT,1521928,2019
1,-42 pts,42,117T,1,-42,CAP+43 ,CAP+43,117T,661943,2019
2,,0,CUT,0,0,,,CUT,661943,2019
3,,0,CUT,0,0,,,CUT,661943,2019
4,,0,CUT,0,0,,,CUT,661943,2019
5,,0,CUT,0,0,,,CUT,661943,2019
6,,0,CUT,0,0,,,CUT,661943,2019
7,,0,CUT,0,0,,,CUT,661943,2019
8,,0,CUT,0,0,,,CUT,661943,2019
9,,0,CUT,0,0,,,CUT,661943,2019
10,,0,CUT,0,0,,,CUT,661943,2019
11,,0,CUT,0,0,,,CUT,661943,2019
12,,0,CUT,0,0,,,CUT,661943,2019
1,-42 pts,44,117T,1,-42,CAP+43 ,CAP+43,117T,889971,2019
2,,0,CUT,0,0,,,CUT,889971,2019
3,,0,CUT,0,0,,,CUT,889971,2019
4,,0,CUT,0,0,,,CUT,889971,2019
5,,0,CUT,0,0,,,CUT,889971,2019
6,,0,CUT,0,0,,,CUT,889971,2019
7,,0,CUT,0,0,,,CUT,889971,2019
8,,0,CUT,0,0,,,CUT,889971,2019
9,,0,CUT,0,0,,,CUT,889971,2019
10,,0,CUT,0,0,,,CUT,889971,2019
11,,0,CUT,0,0,,,CUT,889971,2019
12,,0,CUT,0,0,,,CUT,889971,2019
1,100 pts,15,1,1,100,02:42.5,02:42.5,1,5312,2019
2,90 pts,15,2,1,90,08:46.2,08:46.2,2,5312,2019
3,50 pts,11,6,1,50,31:29.5,31:29.5,6,5312,2019
4,100 pts,15,1,1,100,01:55.2,01:55.2,1,5312,2019
5,100 pts,15,1,1,100,18:39.5,18:39.5,1,5312,2019
6,100 pts,15,1,1,100,305.0 lb,305,1,5312,2019
7,60 pts,15,5,1,60,04:48.0,04:48.0,5,5312,2019
8,50 pts,15,6T,1,50,CAP+2,CAP+2,6T,5312,2019
1,70 pts,11,4,1,70,02:45.8,02:45.8,4,4895,2019
2,80 pts,11,3,1,80,09:15.6,09:15.6,3,4895,2019
3,90 pts,18,2,1,90,28:07.4,28:07.4,2,4895,2019
4,90 pts,16,2,1,90,02:01.7,02:01.7,2,4895,2019
5,90 pts,16,2,1,90,19:01.1,19:01.1,2,4895,2019
6,70 pts,16,4T,1,70,285.0 lb,285,4T,4895,2019
7,40 pts,16,7,1,40,05:06.9,05:06.9,7,4895,2019
8,70 pts,16,4,1,70,05:45.3,05:45.3,4,4895,2019
1,20 pts,12,9,1,20,03:05.4,03:05.4,9,125959,2019
2,100 pts,12,1,1,100,08:26.6,08:26.6,1,125959,2019
3,100 pts,16,1,1,100,25:27.0,25:27.0,1,125959,2019
4,60 pts,14,5,1,60,02:34.2,02:34.2,5,125959,2019
5,80 pts,14,3,1,80,19:14.0,19:14.0,3,125959,2019
6,50 pts,14,6T,1,50,280.0 lb,280,6T,125959,2019
7,80 pts,14,3,1,80,04:36.5,04:36.5,3,125959,2019
8,90 pts,14,2,1,90,05:35.7,05:35.7,2,125959,2019
1,80 pts,13,3,1,80,02:44.8,02:44.8,3,164390,2019
2,60 pts,13,5,1,60,09:49.3,09:49.3,5,164390,2019
3,40 pts,14,7,1,40,32:02.3,32:02.3,7,164390,2019
4,80 pts,13,3,1,80,02:09.3,02:09.3,3,164390,2019
5,50 pts,13,6,1,50,21:34.3,21:34.3,6,164390,2019
6,80 pts,17,3,1,80,290.0 lb,290,3,164390,2019
7,70 pts,17,4,1,70,04:44.5,04:44.5,4,164390,2019
8,100 pts,17,1,1,100,05:22.3,05:22.3,1,164390,2019
1,90 pts,18,2,1,90,02:43.6,02:43.6,2,255163,2019
2,20 pts,18,9,1,20,11:33.6,11:33.6,9,255163,2019
3,30 pts,15,8,1,30,33:33.0,33:33.0,8,255163,2019
4,70 pts,12,4,1,70,02:29.8,02:29.8,4,255163,2019
5,30 pts,12,8,1,30,22:38.2,22:38.2,8,255163,2019
6,90 pts,12,2,1,90,295.0 lb,295,2,255163,2019
7,90 pts,12,2,1,90,04:34.5,04:34.5,2,255163,2019
8,80 pts,12,3,1,80,05:37.4,05:37.4,3,255163,2019
1,30 pts,19,8,1,30,02:55.5,02:55.5,8,112137,2019
2,70 pts,19,4,1,70,09:18.5,09:18.5,4,112137,2019
3,80 pts,17,3,1,80,29:03.5,29:03.5,3,112137,2019
4,30 pts,17,8,1,30,03:33.0,03:33.0,8,112137,2019
5,70 pts,17,4,1,70,19:46.8,19:46.8,4,112137,2019
6,20 pts,13,9,1,20,135.0 lb,135,9,112137,2019
7,50 pts,13,6,1,50,04:51.3,04:51.3,6,112137,2019
8,50 pts,13,6T,1,50,CAP+2,CAP+2,6T,112137,2019
1,60 pts,17,5,1,60,02:47.3,02:47.3,5,59012,2019
2,50 pts,17,6,1,50,10:20.0,10:20.0,6,59012,2019
3,70 pts,13,4,1,70,29:45.8,29:45.8,4,59012,2019
4,40 pts,18,7,1,40,03:11.6,03:11.6,7,59012,2019
5,60 pts,18,5,1,60,21:07.1,21:07.1,5,59012,2019
6,70 pts,18,4T,1,70,285.0 lb,285,4T,59012,2019
7,30 pts,18,8,1,30,05:45.5,05:45.5,8,59012,2019
8,20 pts,18,9,1,20,CAP+9,CAP+9,9,59012,2019
1,50 pts,20,6,1,50,02:49.0,02:49.0,6,100797,2019
2,40 pts,20,7,1,40,10:34.1,10:34.1,7,100797,2019
3,20 pts,19,9,1,20,34:43.8,34:43.8,9,100797,2019
4,20 pts,11,9,1,20,03:45.0,03:45.0,9,100797,2019
5,40 pts,11,7,1,40,21:51.5,21:51.5,7,100797,2019
6,50 pts,11,6T,1,50,280.0 lb,280,6T,100797,2019
7,100 pts,11,1,1,100,04:30.3,04:30.3,1,100797,2019
8,60 pts,11,5,1,60,05:47.7,05:47.7,5,100797,2019
1,40 pts,16,7,1,40,02:50.9,02:50.9,7,1433136,2019
2,30 pts,16,8,1,30,11:02.3,11:02.3,8,1433136,2019
3,60 pts,12,5,1,60,30:35.7,30:35.7,5,1433136,2019
4,50 pts,19,6,1,50,02:49.8,02:49.8,6,1433136,2019
5,20 pts,19,9,1,20,22:58.5,22:58.5,9,1433136,2019
6,30 pts,19,8,1,30,275.0 lb,275,8,1433136,2019
7,20 pts,19,9,1,20,CAP+1,CAP+1,9,1433136,2019
8,30 pts,19,8,1,30,CAP+6,CAP+6,8,1433136,2019
1,,14,WD,1,0,,,WD,25569,2019
2,,14,WD,1,0,,,WD,25569,2019
3,,0,WD,0,0,,,WD,25569,2019
4,,0,WD,0,0,,,WD,25569,2019
5,,0,WD,0,0,,,WD,25569,2019
6,,0,WD,0,0,,,WD,25569,2019
7,,0,WD,0,0,,,WD,25569,2019
8,,0,WD,0,0,,,WD,25569,2019
1,80 pts,8,3,1,80,03:13.7,03:13.7,3,9440,2019
2,100 pts,8,1,1,100,08:36.2,08:36.2,1,9440,2019
3,80 pts,18,3,1,80,31:05.3,31:05.3,3,9440,2019
4,100 pts,6,1,1,100,02:48.1,02:48.1,1,9440,2019
5,90 pts,6,2,1,90,17:16.4,17:16.4,2,9440,2019
6,100 pts,5,1T,1,100,220.0 lb,220,1T,9440,2019
7,60 pts,5,5,1,60,04:36.0,04:36.0,5,9440,2019
8,80 pts,5,3,1,80,04:37.0,04:37.0,3,9440,2019
1,100 pts,2,1,1,100,03:10.6,03:10.6,1,16973,2019
2,90 pts,2,2,1,90,08:54.5,08:54.5,2,16973,2019
3,70 pts,12,4,1,70,32:40.8,32:40.8,4,16973,2019
4,70 pts,5,4,1,70,03:10.0,03:10.0,4,16973,2019
5,70 pts,5,4,1,70,17:29.8,17:29.8,4,16973,2019
6,50 pts,6,6T,1,50,195.0 lb,195,6T,16973,2019
7,80 pts,6,3,1,80,04:08.1,04:08.1,3,16973,2019
8,70 pts,6,4,1,70,04:51.0,04:51.0,4,16973,2019
1,40 pts,7,7,1,40,03:16.3,03:16.3,7,8015,2019
2,80 pts,7,3,1,80,09:14.6,09:14.6,3,8015,2019
3,90 pts,17,2,1,90,30:22.3,30:22.3,2,8015,2019
4,80 pts,3,3,1,80,03:06.5,03:06.5,3,8015,2019
5,100 pts,3,1,1,100,16:40.8,16:40.8,1,8015,2019
6,100 pts,4,1T,1,100,220.0 lb,220,1T,8015,2019
7,30 pts,4,8,1,30,04:51.2,04:51.2,8,8015,2019
8,60 pts,4,5,1,60,05:16.7,05:16.7,5,8015,2019
1,90 pts,4,2,1,90,03:12.7,03:12.7,2,313257,2019
2,70 pts,4,4,1,70,09:29.1,09:29.1,4,313257,2019
3,60 pts,14,5,1,60,33:09.7,33:09.7,5,313257,2019
4,50 pts,7,6,1,50,03:29.9,03:29.9,6,313257,2019
5,80 pts,7,3,1,80,17:20.0,17:20.0,3,313257,2019
6,20 pts,7,9,1,20,175.0 lb,175,9,313257,2019
7,70 pts,7,4,1,70,04:18.9,04:18.9,4,313257,2019
8,100 pts,7,1,1,100,04:05.4,04:05.4,1,313257,2019
1,50 pts,6,6,1,50,03:15.9,03:15.9,6,235218,2019
2,40 pts,6,7,1,40,10:52.3,10:52.3,7,235218,2019
3,30 pts,16,8,1,30,36:30.1,36:30.1,8,235218,2019
4,90 pts,8,2,1,90,03:01.3,03:01.3,2,235218,2019
5,50 pts,8,6,1,50,18:43.9,18:43.9,6,235218,2019
6,80 pts,8,3T,1,80,205.0 lb,205,3T,235218,2019
7,100 pts,8,1,1,100,03:59.2,03:59.2,1,235218,2019
8,90 pts,8,2,1,90,04:10.0,04:10.0,2,235218,2019
1,70 pts,5,4,1,70,03:15.4,03:15.4,4,290001,2019
2,50 pts,5,6,1,50,10:05.2,10:05.2,6,290001,2019
3,100 pts,15,1,1,100,30:07.6,30:07.6,1,290001,2019
4,40 pts,4,7,1,40,03:42.1,03:42.1,7,290001,2019
5,60 pts,4,5,1,60,18:15.8,18:15.8,5,290001,2019
6,50 pts,3,6T,1,50,195.0 lb,195,6T,290001,2019
7,20 pts,3,9,1,20,05:19.0,05:19.0,9,290001,2019
8,30 pts,3,8,1,30,05:56.8,05:56.8,8,290001,2019
1,10 pts,3,10,1,10,03:29.3,03:29.3,10,527325,2019
2,20 pts,3,9,1,20,11:45.4,11:45.4,9,527325,2019
3,50 pts,13,6,1,50,35:21.9,35:21.9,6,527325,2019
4,30 pts,1,8,1,30,03:55.6,03:55.6,8,527325,2019
5,30 pts,1,8,1,30,19:59.4,19:59.4,8,527325,2019
6,60 pts,1,5,1,60,200.0 lb,200,5,527325,2019
7,90 pts,1,2,1,90,04:07.1,04:07.1,2,527325,2019
8,40 pts,1,7,1,40,05:38.2,05:38.2,7,527325,2019
1,20 pts,9,9,1,20,03:22.7,03:22.7,9,51083,2019
2,60 pts,9,5,1,60,10:00.4,10:00.4,5,51083,2019
3,20 pts,19,9,1,20,37:42.1,37:42.1,9,51083,2019
4,60 pts,9,5,1,60,03:24.6,03:24.6,5,51083,2019
5,40 pts,9,7,1,40,19:02.5,19:02.5,7,51083,2019
6,30 pts,2,8,1,30,190.0 lb,190,8,51083,2019
7,40 pts,2,7,1,40,04:45.5,04:45.5,7,51083,2019
8,50 pts,2,6,1,50,05:33.5,05:33.5,6,51083,2019
1,60 pts,10,5,1,60,03:15.5,03:15.5,5,26745,2019
2,10 pts,10,10,1,10,12:14.1,12:14.1,10,26745,2019
3,40 pts,20,7,1,40,35:45.8,35:45.8,7,26745,2019
4,10 pts,2,10,1,10,04:46.6,04:46.6,10,26745,2019
5,20 pts,2,9,1,20,21:22.0,21:22.0,9,26745,2019
6,80 pts,9,3T,1,80,205.0 lb,205,3T,26745,2019
7,50 pts,9,6,1,50,04:41.7,04:41.7,6,26745,2019
8,20 pts,9,9,1,20,CAP,CAP,9,26745,2019
1,30 pts,1,8,1,30,03:17.4,03:17.4,8,121354,2019
2,30 pts,1,8,1,30,11:22.5,11:22.5,8,121354,2019
3,10 pts,11,10,1,10,38:28.8,38:28.8,10,121354,2019
4,20 pts,10,9,1,20,04:05.3,04:05.3,9,121354,2019
5,10 pts,10,10,1,10,23:39.9,23:39.9,10,121354,2019
6,10 pts,10,10,1,10,155.0 lb,155,10,121354,2019
7,10 pts,10,10,1,10,CAP,CAP,10,121354,2019
8,10 pts,10,10,1,10,CAP+4,CAP+4,10,121354,2019
1,30 pts,12,8,1,30,02:57.6,02:57.6,8,532455,2019
2,90 pts,12,2,1,90,09:38.3,09:38.3,2,532455,2019
3,90 pts,26,2,1,90,28:19.3,28:19.3,2,532455,2019
4,90 pts,14,2,1,90,02:08.6,02:08.6,2,532455,2019
5,100 pts,14,1,1,100,20:19.2,20:19.2,1,532455,2019
6,80 pts,15,3T,1,80,275.0 lb,275,3T,532455,2019
7,90 pts,15,2,1,90,04:56.7,04:56.7,2,532455,2019
8,70 pts,15,4,1,70,CAP+8,CAP+8,4,532455,2019
1,100 pts,20,1,1,100,02:45.7,02:45.7,1,318213,2019
2,20 pts,20,9,1,20,10:48.1,10:48.1,9,318213,2019
3,100 pts,29,1,1,100,25:19.6,25:19.6,1,318213,2019
4,50 pts,16,6,1,50,02:44.8,02:44.8,6,318213,2019
5,70 pts,16,4,1,70,21:31.3,21:31.3,4,318213,2019
6,10 pts,14,10,1,10,205.0 lb,205,10,318213,2019
7,80 pts,14,3,1,80,05:11.5,05:11.5,3,318213,2019
8,80 pts,14,3,1,80,CAP+3,CAP+3,3,318213,2019
1,70 pts,14,4,1,70,02:53.9,02:53.9,4,252855,2019
2,50 pts,14,6,1,50,10:04.1,10:04.1,6,252855,2019
3,50 pts,22,6,1,50,29:45.8,29:45.8,6,252855,2019
4,70 pts,18,4,1,70,02:21.9,02:21.9,4,252855,2019
5,30 pts,18,8,1,30,23:42.6,23:42.6,8,252855,2019
6,80 pts,13,3T,1,80,275.0 lb,275,3T,252855,2019
7,100 pts,13,1,1,100,04:47.6,04:47.6,1,252855,2019
8,60 pts,13,5T,1,60,CAP+9,CAP+9,5T,252855,2019
1,90 pts,11,2,1,90,02:50.7,02:50.7,2,278759,2019
2,80 pts,11,3,1,80,09:45.6,09:45.6,3,278759,2019
3,80 pts,28,3,1,80,28:30.9,28:30.9,3,278759,2019
4,100 pts,15,1,1,100,01:59.3,01:59.3,1,278759,2019
5,20 pts,15,9,1,20,23:58.5,23:58.5,9,278759,2019
6,30 pts,16,8T,1,30,225.0 lb,225,8T,278759,2019
7,40 pts,16,7,1,40,05:36.7,05:36.7,7,278759,2019
8,10 pts,16,10,1,10,CAP+30,CAP+30,10,278759,2019
1,10 pts,13,10,1,10,03:04.0,03:04.0,10,29109,2019
2,100 pts,13,1,1,100,09:13.1,09:13.1,1,29109,2019
3,70 pts,24,4,1,70,28:53.4,28:53.4,4,29109,2019
4,20 pts,17,9,1,20,03:41.5,03:41.5,9,29109,2019
5,90 pts,17,2,1,90,20:24.2,20:24.2,2,29109,2019
6,50 pts,17,6T,1,50,245.0 lb,245,6T,29109,2019
7,20 pts,17,9,1,20,CAP+6,CAP+6,9,29109,2019
8,60 pts,17,5T,1,60,CAP+9,CAP+9,5T,29109,2019
1,50 pts,17,6,1,50,02:56.0,02:56.0,6,8743,2019
2,70 pts,17,4,1,70,09:53.8,09:53.8,4,8743,2019
3,10 pts,23,10,1,10,36:48.7,36:48.7,10,8743,2019
4,60 pts,12,5,1,60,02:34.0,02:34.0,5,8743,2019
5,40 pts,12,7,1,40,23:33.3,23:33.3,7,8743,2019
6,100 pts,19,1,1,100,310.0 lb,310,1,8743,2019
7,50 pts,19,6,1,50,05:29.0,05:29.0,6,8743,2019
8,40 pts,19,7T,1,40,CAP+18,CAP+18,7T,8743,2019
1,80 pts,18,3,1,80,02:53.4,02:53.4,3,167005,2019
2,60 pts,18,5,1,60,09:57.4,09:57.4,5,167005,2019
3,30 pts,25,8,1,30,30:19.3,30:19.3,8,167005,2019
4,30 pts,13,8,1,30,03:27.9,03:27.9,8,167005,2019
5,50 pts,13,6,1,50,22:19.4,22:19.4,6,167005,2019
6,50 pts,18,6T,1,50,245.0 lb,245,6T,167005,2019
7,60 pts,18,5,1,60,05:24.1,05:24.1,5,167005,2019
8,40 pts,18,7T,1,40,CAP+18,CAP+18,7T,167005,2019
1,20 pts,16,9,1,20,03:01.9,03:01.9,9,171764,2019
2,40 pts,16,7,1,40,10:35.7,10:35.7,7,171764,2019
3,20 pts,21,9,1,20,30:31.8,30:31.8,9,171764,2019
4,80 pts,20,3,1,80,02:17.7,02:17.7,3,171764,2019
5,80 pts,20,3,1,80,21:05.9,21:05.9,3,171764,2019
6,80 pts,12,3T,1,80,275.0 lb,275,3T,171764,2019
7,30 pts,12,8,1,30,05:41.6,05:41.6,8,171764,2019
8,40 pts,12,7T,1,40,CAP+18,CAP+18,7T,171764,2019
1,60 pts,15,5,1,60,02:54.3,02:54.3,5,168610,2019
2,10 pts,15,10,1,10,11:33.8,11:33.8,10,168610,2019
3,60 pts,20,5,1,60,29:11.2,29:11.2,5,168610,2019
4,40 pts,19,7,1,40,02:48.3,02:48.3,7,168610,2019
5,10 pts,19,10,1,10,CAP+1,CAP+1,10,168610,2019
6,90 pts,11,2,1,90,280.0 lb,280,2,168610,2019
7,10 pts,11,10,1,10,CAP+14,CAP+14,10,168610,2019
8,100 pts,11,1,1,100,05:53.1,05:53.1,1,168610,2019
1,40 pts,19,7,1,40,02:57.2,02:57.2,7,86878,2019
2,30 pts,19,8,1,30,10:40.0,10:40.0,8,86878,2019
3,40 pts,27,7,1,40,29:46.6,29:46.6,7,86878,2019
4,10 pts,11,10,1,10,03:55.5,03:55.5,10,86878,2019
5,60 pts,11,5,1,60,22:01.8,22:01.8,5,86878,2019
6,30 pts,20,8T,1,30,225.0 lb,225,8T,86878,2019
7,70 pts,20,4,1,70,05:21.7,05:21.7,4,86878,2019
8,90 pts,20,2,1,90,CAP,CAP,2,86878,2019
1,100 pts,6,1,1,100,03:18.5,03:18.5,1,259327,2019
2,100 pts,6,1,1,100,09:29.3,09:29.3,1,259327,2019
3,80 pts,22,3,1,80,34:09.2,34:09.2,3,259327,2019
4,60 pts,6,5,1,60,03:50.8,03:50.8,5,259327,2019
5,80 pts,6,3,1,80,19:43.6,19:43.6,3,259327,2019
6,80 pts,6,3T,1,80,195.0 lb,195,3T,259327,2019
7,100 pts,6,1,1,100,04:40.3,04:40.3,1,259327,2019
8,100 pts,6,1,1,100,05:02.6,05:02.6,1,259327,2019
1,40 pts,2,7,1,40,03:32.4,03:32.4,7,107129,2019
2,80 pts,2,3,1,80,10:38.8,10:38.8,3,107129,2019
3,100 pts,26,1,1,100,32:45.2,32:45.2,1,107129,2019
4,80 pts,7,3,1,80,03:20.1,03:20.1,3,107129,2019
5,100 pts,7,1,1,100,19:04.9,19:04.9,1,107129,2019
6,90 pts,7,2,1,90,210.0 lb,210,2,107129,2019
7,40 pts,7,7,1,40,CAP,CAP,7,107129,2019
8,80 pts,7,3T,1,80,CAP,CAP,3T,107129,2019
1,50 pts,5,6,1,50,03:29.7,03:29.7,6,421299,2019
2,40 pts,5,7,1,40,12:03.5,12:03.5,7,421299,2019
3,90 pts,21,2,1,90,33:26.2,33:26.2,2,421299,2019
4,100 pts,4,1,1,100,03:10.5,03:10.5,1,421299,2019
5,60 pts,4,5,1,60,20:13.3,20:13.3,5,421299,2019
6,40 pts,8,7,1,40,180.0 lb,180,7,421299,2019
7,90 pts,8,2,1,90,04:46.5,04:46.5,2,421299,2019
8,90 pts,8,2,1,90,05:28.0,05:28.0,2,421299,2019
1,70 pts,4,4,1,70,03:27.6,03:27.6,4,226482,2019
2,60 pts,4,5,1,60,11:25.2,11:25.2,5,226482,2019
3,70 pts,23,4,1,70,35:16.1,35:16.1,4,226482,2019
4,70 pts,8,4,1,70,03:50.3,03:50.3,4,226482,2019
5,90 pts,8,2,1,90,19:34.4,19:34.4,2,226482,2019
6,30 pts,5,8,1,30,175.0 lb,175,8,226482,2019
7,70 pts,5,4,1,70,05:26.0,05:26.0,4,226482,2019
8,50 pts,5,6,1,50,CAP+11,CAP+11,6,226482,2019
1,60 pts,10,5,1,60,03:28.3,03:28.3,5,434123,2019
2,90 pts,10,2,1,90,10:15.3,10:15.3,2,434123,2019
3,60 pts,29,5,1,60,35:20.1,35:20.1,5,434123,2019
4,50 pts,5,6,1,50,04:01.5,04:01.5,6,434123,2019
5,70 pts,5,4,1,70,19:43.9,19:43.9,4,434123,2019
6,60 pts,4,5T,1,60,185.0 lb,185,5T,434123,2019
7,50 pts,4,6,1,50,05:47.0,05:47.0,6,434123,2019
8,60 pts,4,5,1,60,CAP+10,CAP+10,5,434123,2019
1,80 pts,7,3,1,80,03:23.2,03:23.2,3,256330,2019
2,20 pts,7,9,1,20,16:41.9,16:41.9,9,256330,2019
3,30 pts,24,8,1,30,42:15.6,42:15.6,8,256330,2019
4,90 pts,9,2,1,90,03:14.8,03:14.8,2,256330,2019
5,30 pts,9,8,1,30,CAP+2,CAP+2,8,256330,2019
6,100 pts,9,1,1,100,215.0 lb,215,1,256330,2019
7,80 pts,9,3,1,80,05:25.5,05:25.5,3,256330,2019
8,30 pts,9,8,1,30,CAP+24,CAP+24,8,256330,2019
1,20 pts,3,9,1,20,03:34.9,03:34.9,9,172716,2019
2,70 pts,3,4,1,70,10:53.0,10:53.0,4,172716,2019
3,40 pts,25,7,1,40,39:14.1,39:14.1,7,172716,2019
4,40 pts,3,7,1,40,04:13.0,04:13.0,7,172716,2019
5,50 pts,3,6,1,50,22:52.7,22:52.7,6,172716,2019
6,60 pts,3,5T,1,60,185.0 lb,185,5T,172716,2019
7,60 pts,3,5,1,60,05:36.8,05:36.8,5,172716,2019
8,80 pts,3,3T,1,80,CAP,CAP,3T,172716,2019
1,10 pts,1,10,1,10,03:40.1,03:40.1,10,650145,2019
2,30 pts,1,8,1,30,15:12.7,15:12.7,8,650145,2019
3,50 pts,28,6,1,50,39:04.5,39:04.5,6,650145,2019
4,30 pts,10,8,1,30,04:29.5,04:29.5,8,650145,2019
5,40 pts,10,7,1,40,23:06.7,23:06.7,7,650145,2019
6,80 pts,10,3T,1,80,195.0 lb,195,3T,650145,2019
7,30 pts,10,8,1,30,CAP+15,CAP+15,8,650145,2019
8,40 pts,10,7,1,40,CAP+18,CAP+18,7,650145,2019
1,90 pts,9,2,1,90,03:22.5,03:22.5,2,15182,2019
2,50 pts,9,6,1,50,11:34.5,11:34.5,6,15182,2019
3,20 pts,27,9,1,20,45:00.0,45:00.0,9,15182,2019
4,,0,CUT,0,0,,,CUT,15182,2019
5,,0,CUT,0,0,,,CUT,15182,2019
6,,0,CUT,0,0,,,CUT,15182,2019
7,,0,CUT,0,0,,,CUT,15182,2019
8,,0,CUT,0,0,,,CUT,15182,2019
1,30 pts,8,8,1,30,03:34.5,03:34.5,8,12348,2019
2,10 pts,8,10,1,10,CAP+306,CAP+306,10,12348,2019
3,,47,WD,1,0,,,WD,12348,2019
4,,0,WD,0,0,,,WD,12348,2019
5,,0,WD,0,0,,,WD,12348,2019
6,,0,WD,0,0,,,WD,12348,2019
7,,0,WD,0,0,,,WD,12348,2019
8,,0,WD,0,0,,,WD,12348,2019
1,100 pts,19,1,1,100,02:53.7,02:53.7,1,631875,2019
2,90 pts,19,2,1,90,10:54.9,10:54.9,2,631875,2019
3,100 pts,37,1,1,100,30:17.2,30:17.2,1,631875,2019
4,90 pts,15,2,1,90,03:16.0,03:16.0,2,631875,2019
5,100 pts,15,1,1,100,20:06.3,20:06.3,1,631875,2019
6,80 pts,15,3,1,80,250.0 lb,250,3,631875,2019
7,90 pts,15,2,1,90,05:29.3,05:29.3,2,631875,2019
8,90 pts,0,2,1,90,CAP+9,CAP+9,2,631875,2019
1,60 pts,15,5,1,60,03:06.1,03:06.1,5,116627,2019
2,100 pts,15,1,1,100,10:11.5,10:11.5,1,116627,2019
3,90 pts,30,2,1,90,31:09.2,31:09.2,2,116627,2019
4,100 pts,16,1,1,100,03:05.5,03:05.5,1,116627,2019
5,70 pts,16,4,1,70,23:20.8,23:20.8,4,116627,2019
6,100 pts,16,1T,1,100,280.0 lb,280,1T,116627,2019
7,40 pts,16,7,1,40,CAP+6,CAP+6,7,116627,2019
8,80 pts,0,3,1,80,CAP+12,CAP+12,3,116627,2019
1,90 pts,17,2,1,90,02:59.6,02:59.6,2,26902,2019
2,80 pts,17,3,1,80,11:19.6,11:19.6,3,26902,2019
3,60 pts,33,5,1,60,33:08.5,33:08.5,5,26902,2019
4,30 pts,14,8,1,30,04:17.9,04:17.9,8,26902,2019
5,50 pts,14,6,1,50,23:57.2,23:57.2,6,26902,2019
6,10 pts,14,10,1,10,170.0 lb,170,10,26902,2019
7,100 pts,14,1,1,100,04:41.5,04:41.5,1,26902,2019
8,100 pts,0,1,1,100,CAP,CAP,1,26902,2019
1,20 pts,18,9,1,20,03:14.6,03:14.6,9,95809,2019
2,70 pts,18,4,1,70,11:47.4,11:47.4,4,95809,2019
3,70 pts,35,4,1,70,32:34.8,32:34.8,4,95809,2019
4,50 pts,13,6,1,50,04:06.3,04:06.3,6,95809,2019
5,90 pts,13,2,1,90,21:01.3,21:01.3,2,95809,2019
6,70 pts,17,4,1,70,245.0 lb,245,4,95809,2019
7,80 pts,17,3,1,80,05:56.7,05:56.7,3,95809,2019
8,60 pts,0,5,1,60,CAP+16,CAP+16,5,95809,2019
1,30 pts,12,8,1,30,03:13.1,03:13.1,8,112592,2019
2,60 pts,12,5,1,60,12:33.4,12:33.4,5,112592,2019
3,30 pts,36,8,1,30,37:33.8,37:33.8,8,112592,2019
4,80 pts,19,3,1,80,03:24.2,03:24.2,3,112592,2019
5,30 pts,19,8,1,30,CAP,CAP,8,112592,2019
6,60 pts,12,5,1,60,235.0 lb,235,5,112592,2019
7,70 pts,12,4,1,70,05:59.1,05:59.1,4,112592,2019
8,50 pts,0,6T,1,50,CAP+17,CAP+17,6T,112592,2019
1,40 pts,16,7,1,40,03:08.7,03:08.7,7,17714,2019
2,50 pts,16,6,1,50,12:40.2,12:40.2,6,17714,2019
3,80 pts,31,3,1,80,31:25.0,31:25.0,3,17714,2019
4,20 pts,17,9,1,20,CAP+1,CAP+1,9,17714,2019
5,60 pts,17,5,1,60,23:37.4,23:37.4,5,17714,2019
6,20 pts,18,9,1,20,210.0 lb,210,9,17714,2019
7,60 pts,18,5T,1,60,CAP,CAP,5T,17714,2019
8,70 pts,0,4,1,70,CAP+14,CAP+14,4,17714,2019
1,70 pts,14,4,1,70,03:04.3,03:04.3,4,76101,2019
2,40 pts,14,7,1,40,14:01.2,14:01.2,7,76101,2019
3,40 pts,32,7,1,40,36:26.3,36:26.3,7,76101,2019
4,40 pts,12,7,1,40,04:14.3,04:14.3,7,76101,2019
5,40 pts,12,7,1,40,24:12.9,24:12.9,7,76101,2019
6,50 pts,19,6T,1,50,225.0 lb,225,6T,76101,2019
7,60 pts,19,5T,1,60,CAP,CAP,5T,76101,2019
8,50 pts,0,6T,1,50,CAP+17,CAP+17,6T,76101,2019
1,50 pts,20,6,1,50,03:07.3,03:07.3,6,278581,2019
2,30 pts,20,8,1,30,14:24.8,14:24.8,8,278581,2019
3,10 pts,39,10,1,10,41:43.9,41:43.9,10,278581,2019
4,10 pts,11,10,1,10,CAP+24,CAP+24,10,278581,2019
5,10 pts,11,10,1,10,CAP+7,CAP+7,10,278581,2019
6,100 pts,20,1T,1,100,280.0 lb,280,1T,278581,2019
7,30 pts,20,8,1,30,CAP+8,CAP+8,8,278581,2019
8,30 pts,0,8,1,30,CAP+19,CAP+19,8,278581,2019
1,10 pts,13,10,1,10,03:17.0,03:17.0,10,110150,2019
2,10 pts,13,10,1,10,16:00.9,16:00.9,10,110150,2019
3,20 pts,34,9,1,20,39:11.4,39:11.4,9,110150,2019
4,60 pts,20,5,1,60,03:57.1,03:57.1,5,110150,2019
5,20 pts,20,9,1,20,CAP+2,CAP+2,9,110150,2019
6,50 pts,11,6T,1,50,225.0 lb,225,6T,110150,2019
7,20 pts,11,9,1,20,CAP+9,CAP+9,9,110150,2019
8,20 pts,0,9,1,20,CAP+22,CAP+22,9,110150,2019
1,80 pts,11,3,1,80,03:00.9,03:00.9,3,13342,2019
2,20 pts,11,9,1,20,15:53.6,15:53.6,9,13342,2019
3,50 pts,38,6,1,50,33:46.1,33:46.1,6,13342,2019
4,70 pts,18,4,1,70,03:54.0,03:54.0,4,13342,2019
5,80 pts,18,3,1,80,22:58.4,22:58.4,3,13342,2019
6,50 pts,13,6T,1,50,225.0 lb,225,6T,13342,2019
7,,13,WD,1,0,,,WD,13342,2019
8,,0,WD,1,0,,,WD,13342,2019
1,100 pts,6,1,1,100,03:24.4,03:24.4,1,9184,2019
2,50 pts,6,6,1,50,12:41.4,12:41.4,6,9184,2019
3,70 pts,31,4,1,70,36:39.2,36:39.2,4,9184,2019
4,50 pts,5,6,1,50,03:54.1,03:54.1,6,9184,2019
5,100 pts,5,1,1,100,19:44.5,19:44.5,1,9184,2019
6,80 pts,7,3,1,80,190.0 lb,190,3,9184,2019
7,90 pts,7,2,1,90,05:11.6,05:11.6,2,9184,2019
8,100 pts,7,1,1,100,05:23.4,05:23.4,1,9184,2019
1,90 pts,10,2,1,90,03:25.3,03:25.3,2,244482,2019
2,100 pts,10,1,1,100,12:00.9,12:00.9,1,244482,2019
3,50 pts,38,6,1,50,38:03.5,38:03.5,6,244482,2019
4,100 pts,7,1,1,100,03:28.5,03:28.5,1,244482,2019
5,80 pts,7,3,1,80,21:06.4,21:06.4,3,244482,2019
6,60 pts,6,5T,1,60,175.0 lb,175,5T,244482,2019
7,100 pts,6,1,1,100,04:57.8,04:57.8,1,244482,2019
8,20 pts,6,9,1,20,CAP+22,CAP+22,9,244482,2019
1,70 pts,5,4,1,70,03:26.5,03:26.5,4,21214,2019
2,60 pts,5,5,1,60,12:38.9,12:38.9,5,21214,2019
3,40 pts,30,7,1,40,39:42.5,39:42.5,7,21214,2019
4,90 pts,9,2,1,90,03:41.7,03:41.7,2,21214,2019
5,90 pts,9,2,1,90,19:52.6,19:52.6,2,21214,2019
6,100 pts,8,1T,1,100,195.0 lb,195,1T,21214,2019
7,60 pts,8,5,1,60,05:48.3,05:48.3,5,21214,2019
8,70 pts,8,4,1,70,CAP+4,CAP+4,4,21214,2019
1,60 pts,7,5,1,60,03:30.8,03:30.8,5,413700,2019
2,70 pts,7,4,1,70,12:36.7,12:36.7,4,413700,2019
3,80 pts,33,3,1,80,35:37.9,35:37.9,3,413700,2019
4,80 pts,4,3,1,80,03:45.2,03:45.2,3,413700,2019
5,60 pts,4,5,1,60,21:08.3,21:08.3,5,413700,2019
6,30 pts,4,8,1,30,160.0 lb,160,8,413700,2019
7,80 pts,4,3,1,80,05:24.9,05:24.9,3,413700,2019
8,90 pts,4,2,1,90,CAP+1,CAP+1,2,413700,2019
1,40 pts,2,7,1,40,03:37.5,03:37.5,7,294840,2019
2,90 pts,2,2,1,90,12:23.4,12:23.4,2,294840,2019
3,90 pts,36,2,1,90,34:37.3,34:37.3,2,294840,2019
4,70 pts,8,4,1,70,03:46.3,03:46.3,4,294840,2019
5,70 pts,8,4,1,70,21:07.2,21:07.2,4,294840,2019
6,60 pts,5,5T,1,60,175.0 lb,175,5T,294840,2019
7,40 pts,5,7T,1,40,CAP,CAP,7T,294840,2019
8,60 pts,5,5T,1,60,CAP+9,CAP+9,5T,294840,2019
1,80 pts,8,3,1,80,03:25.9,03:25.9,3,178647,2019
2,80 pts,8,3,1,80,12:30.6,12:30.6,3,178647,2019
3,100 pts,35,1,1,100,33:33.5,33:33.5,1,178647,2019
4,30 pts,6,8,1,30,04:15.2,04:15.2,8,178647,2019
5,50 pts,6,6,1,50,21:19.4,21:19.4,6,178647,2019
6,20 pts,9,9,1,20,105.0 lb,105,9,178647,2019
7,20 pts,9,9,1,20,CAP+7,CAP+7,9,178647,2019
8,30 pts,9,8,1,30,CAP+18,CAP+18,8,178647,2019
1,50 pts,3,6,1,50,03:32.3,03:32.3,6,8770,2019
2,40 pts,3,7,1,40,12:43.0,12:43.0,7,8770,2019
3,60 pts,34,5,1,60,37:12.8,37:12.8,5,8770,2019
4,60 pts,3,5,1,60,03:53.6,03:53.6,5,8770,2019
5,20 pts,3,9,1,20,22:56.4,22:56.4,9,8770,2019
6,60 pts,3,5T,1,60,175.0 lb,175,5T,8770,2019
7,40 pts,3,7T,1,40,CAP,CAP,7T,8770,2019
8,60 pts,3,5T,1,60,CAP+9,CAP+9,5T,8770,2019
1,20 pts,9,9,1,20,03:42.2,03:42.2,9,8618,2019
2,30 pts,9,8,1,30,12:44.6,12:44.6,8,8618,2019
3,30 pts,37,8,1,30,40:11.9,40:11.9,8,8618,2019
4,20 pts,10,9,1,20,CAP+6,CAP+6,9,8618,2019
5,30 pts,10,8,1,30,22:51.3,22:51.3,8,8618,2019
6,70 pts,2,4,1,70,185.0 lb,185,4,8618,2019
7,70 pts,2,4,1,70,05:25.8,05:25.8,4,8618,2019
8,80 pts,2,3,1,80,CAP+2,CAP+2,3,8618,2019
1,30 pts,4,8,1,30,03:37.7,03:37.7,8,50423,2019
2,20 pts,4,9,1,20,12:58.4,12:58.4,9,50423,2019
3,20 pts,32,9,1,20,43:36.0,43:36.0,9,50423,2019
4,40 pts,2,7,1,40,04:04.5,04:04.5,7,50423,2019
5,40 pts,2,7,1,40,21:25.5,21:25.5,7,50423,2019
6,100 pts,10,1T,1,100,195.0 lb,195,1T,50423,2019
7,50 pts,10,6,1,50,05:59.6,05:59.6,6,50423,2019
8,40 pts,10,7,1,40,CAP+17,CAP+17,7,50423,2019
1,10 pts,1,10,1,10,04:11.8,04:11.8,10,586578,2019
2,10 pts,1,10,1,10,14:12.4,14:12.4,10,586578,2019
3,,68,WD,1,0,,,WD,586578,2019
4,,0,WD,0,0,,,WD,586578,2019
5,,0,WD,0,0,,,WD,586578,2019
6,,0,WD,0,0,,,WD,586578,2019
7,,0,WD,0,0,,,WD,586578,2019
8,,0,WD,0,0,,,WD,586578,2019
1,100 pts,16,1,1,100,02:55.0,02:55.0,1,721301,2019
2,70 pts,16,4,1,70,12:53.8,12:53.8,4,721301,2019
3,90 pts,41,2,1,90,31:20.0,31:20.0,2,721301,2019
4,90 pts,15,2,1,90,03:20.1,03:20.1,2,721301,2019
5,100 pts,15,1,1,100,19:33.2,19:33.2,1,721301,2019
6,30 pts,15,8T,1,30,205.0 lb,205,8T,721301,2019
7,80 pts,15,3,1,80,06:00.0,06:00.0,3,721301,2019
8,70 pts,15,4,1,70,05:26.8,05:26.8,4,721301,2019
1,20 pts,15,9,1,20,03:22.1,03:22.1,9,297488,2019
2,100 pts,15,1,1,100,10:40.1,10:40.1,1,297488,2019
3,100 pts,40,1,1,100,31:18.8,31:18.8,1,297488,2019
4,100 pts,16,1,1,100,02:59.9,02:59.9,1,297488,2019
5,90 pts,16,2,1,90,20:33.4,20:33.4,2,297488,2019
6,80 pts,16,3T,1,80,225.0 lb,225,3T,297488,2019
7,50 pts,16,6,1,50,06:30.7,06:30.7,6,297488,2019
8,80 pts,16,3,1,80,05:20.5,05:20.5,3,297488,2019
1,80 pts,14,3,1,80,03:12.6,03:12.6,3,33259,2019
2,80 pts,14,3,1,80,12:07.9,12:07.9,3,33259,2019
3,30 pts,42,8,1,30,38:08.4,38:08.4,8,33259,2019
4,80 pts,13,3,1,80,03:34.2,03:34.2,3,33259,2019
5,80 pts,13,3,1,80,20:46.3,20:46.3,3,33259,2019
6,80 pts,14,3T,1,80,225.0 lb,225,3T,33259,2019
7,60 pts,14,5,1,60,06:25.1,06:25.1,5,33259,2019
8,100 pts,14,1,1,100,04:49.1,04:49.1,1,33259,2019
1,60 pts,18,5,1,60,03:12.7,03:12.7,5,153858,2019
2,30 pts,18,8,1,30,16:56.9,16:56.9,8,153858,2019
3,80 pts,45,3,1,80,33:25.3,33:25.3,3,153858,2019
4,50 pts,18,6,1,50,04:25.8,04:25.8,6,153858,2019
5,70 pts,18,4,1,70,22:16.0,22:16.0,4,153858,2019
6,50 pts,17,6T,1,50,215.0 lb,215,6T,153858,2019
7,90 pts,17,2,1,90,05:40.3,05:40.3,2,153858,2019
8,90 pts,17,2,1,90,05:17.6,05:17.6,2,153858,2019
1,90 pts,17,2,1,90,03:05.7,03:05.7,2,825700,2019
2,40 pts,17,7,1,40,14:43.0,14:43.0,7,825700,2019
3,60 pts,43,5,1,60,36:24.1,36:24.1,5,825700,2019
4,20 pts,17,9,1,20,04:36.5,04:36.5,9,825700,2019
5,50 pts,17,6,1,50,24:15.8,24:15.8,6,825700,2019
6,90 pts,12,2,1,90,245.0 lb,245,2,825700,2019
7,100 pts,12,1,1,100,05:20.7,05:20.7,1,825700,2019
8,50 pts,12,6,1,50,06:27.5,06:27.5,6,825700,2019
1,40 pts,19,7,1,40,03:20.9,03:20.9,7,519096,2019
2,60 pts,19,5,1,60,12:55.9,12:55.9,5,519096,2019
3,50 pts,47,6,1,50,36:53.1,36:53.1,6,519096,2019
4,70 pts,12,4,1,70,03:47.2,03:47.2,4,519096,2019
5,60 pts,12,5,1,60,23:16.4,23:16.4,5,519096,2019
6,80 pts,13,3T,1,80,225.0 lb,225,3T,519096,2019
7,70 pts,13,4,1,70,06:17.6,06:17.6,4,519096,2019
8,60 pts,13,5,1,60,05:33.5,05:33.5,5,519096,2019
1,30 pts,13,8,1,30,03:21.7,03:21.7,8,121517,2019
2,90 pts,13,2,1,90,12:02.8,12:02.8,2,121517,2019
3,70 pts,44,4,1,70,35:13.1,35:13.1,4,121517,2019
4,60 pts,14,5,1,60,04:06.6,04:06.6,5,121517,2019
5,10 pts,14,10,1,10,CAP+14,CAP+14,10,121517,2019
6,30 pts,18,8T,1,30,205.0 lb,205,8T,121517,2019
7,20 pts,18,9,1,20,CAP+6,CAP+6,9,121517,2019
8,40 pts,18,7,1,40,06:43.0,06:43.0,7,121517,2019
1,70 pts,12,4,1,70,03:12.6,03:12.6,4,50856,2019
2,50 pts,12,6,1,50,13:59.4,13:59.4,6,50856,2019
3,10 pts,46,10,1,10,44:14.0,44:14.0,10,50856,2019
4,40 pts,19,7,1,40,04:32.4,04:32.4,7,50856,2019
5,30 pts,19,8T,1,30,CAP+1,CAP+1,8T,50856,2019
6,50 pts,19,6T,1,50,215.0 lb,215,6T,50856,2019
7,40 pts,19,7,1,40,06:57.8,06:57.8,7,50856,2019
8,30 pts,19,8,1,30,06:54.7,06:54.7,8,50856,2019
1,50 pts,11,6,1,50,03:17.1,03:17.1,6,109071,2019
2,20 pts,11,9T,1,20,CAP+25,CAP+25,9T,109071,2019
3,40 pts,48,7,1,40,37:15.3,37:15.3,7,109071,2019
4,10 pts,11,10,1,10,CAP+10,CAP+10,10,109071,2019
5,40 pts,11,7,1,40,24:56.3,24:56.3,7,109071,2019
6,100 pts,11,1,1,100,255.0 lb,255,1,109071,2019
7,30 pts,11,8,1,30,07:44.0,07:44.0,8,109071,2019
8,20 pts,11,9,1,20,07:41.3,07:41.3,9,109071,2019
1,10 pts,20,10,1,10,03:24.7,03:24.7,10,241233,2019
2,20 pts,20,9T,1,20,CAP+25,CAP+25,9T,241233,2019
3,20 pts,49,9,1,20,41:49.7,41:49.7,9,241233,2019
4,30 pts,20,8,1,30,04:32.4,04:32.4,8,241233,2019
5,30 pts,20,8T,1,30,CAP+1,CAP+1,8T,241233,2019
6,30 pts,20,8T,1,30,205.0 lb,205,8T,241233,2019
7,,20,WD,1,0,,,WD,241233,2019
8,,20,WD,1,0,,,WD,241233,2019
1,60 pts,8,5,1,60,03:39.3,03:39.3,5,710834,2019
2,80 pts,8,3,1,80,12:53.0,12:53.0,3,710834,2019
3,100 pts,44,1,1,100,35:37.1,35:37.1,1,710834,2019
4,100 pts,5,1,1,100,04:17.6,04:17.6,1,710834,2019
5,80 pts,5,3,1,80,19:37.8,19:37.8,3,710834,2019
6,100 pts,5,1T,1,100,160.0 lb,160,1T,710834,2019
7,60 pts,5,5,1,60,06:36.3,06:36.3,5,710834,2019
8,70 pts,5,4,1,70,05:03.6,05:03.6,4,710834,2019
1,40 pts,6,7,1,40,03:47.3,03:47.3,7,42565,2019
2,90 pts,6,2,1,90,12:45.8,12:45.8,2,42565,2019
3,60 pts,40,5,1,60,39:30.2,39:30.2,5,42565,2019
4,90 pts,8,2,1,90,04:43.9,04:43.9,2,42565,2019
5,100 pts,8,1,1,100,18:21.4,18:21.4,1,42565,2019
6,70 pts,6,4T,1,70,135.0 lb,135,4T,42565,2019
7,100 pts,6,1,1,100,05:31.9,05:31.9,1,42565,2019
8,80 pts,6,3,1,80,04:53.1,04:53.1,3,42565,2019
1,100 pts,4,1,1,100,03:26.7,03:26.7,1,109033,2019
2,40 pts,4,7,1,40,13:33.8,13:33.8,7,109033,2019
3,80 pts,41,3,1,80,37:57.7,37:57.7,3,109033,2019
4,70 pts,6,4,1,70,CAP+13,CAP+13,4,109033,2019
5,10 pts,6,10,1,10,23:57.1,23:57.1,10,109033,2019
6,70 pts,3,4T,1,70,135.0 lb,135,4T,109033,2019
7,80 pts,3,3,1,80,05:46.3,05:46.3,3,109033,2019
8,90 pts,3,2,1,90,04:49.1,04:49.1,2,109033,2019
1,30 pts,3,8,1,30,03:57.6,03:57.6,8,213252,2019
2,70 pts,3,4,1,70,12:56.0,12:56.0,4,213252,2019
3,90 pts,43,2,1,90,36:25.4,36:25.4,2,213252,2019
4,60 pts,3,5T,1,60,CAP+18,CAP+18,5T,213252,2019
5,90 pts,3,2,1,90,18:35.3,18:35.3,2,213252,2019
6,20 pts,4,9,1,20,115.0 lb,115,9,213252,2019
7,70 pts,4,4,1,70,06:00.6,06:00.6,4,213252,2019
8,100 pts,4,1,1,100,04:36.0,04:36.0,1,213252,2019
1,80 pts,2,3,1,80,03:35.4,03:35.4,3,729204,2019
2,50 pts,2,6,1,50,13:24.0,13:24.0,6,729204,2019
3,70 pts,45,4,1,70,38:17.3,38:17.3,4,729204,2019
4,40 pts,7,7T,1,40,CAP+19,CAP+19,7T,729204,2019
5,40 pts,7,7,1,40,21:43.7,21:43.7,7,729204,2019
6,70 pts,2,4T,1,70,135.0 lb,135,4T,729204,2019
7,90 pts,2,2,1,90,05:34.4,05:34.4,2,729204,2019
8,50 pts,2,6,1,50,05:47.1,05:47.1,6,729204,2019
1,90 pts,5,2,1,90,03:34.7,03:34.7,2,321495,2019
2,100 pts,5,1,1,100,12:40.8,12:40.8,1,321495,2019
3,20 pts,39,9,1,20,42:51.3,42:51.3,9,321495,2019
4,60 pts,4,5T,1,60,CAP+18,CAP+18,5T,321495,2019
5,60 pts,4,5,1,60,20:38.3,20:38.3,5,321495,2019
6,80 pts,7,3,1,80,145.0 lb,145,3,321495,2019
7,30 pts,7,8,1,30,CAP+2,CAP+2,8,321495,2019
8,40 pts,7,7,1,40,06:02.9,06:02.9,7,321495,2019
1,70 pts,7,4,1,70,03:35.6,03:35.6,4,505635,2019
2,20 pts,7,9,1,20,14:28.4,14:28.4,9,505635,2019
3,40 pts,42,7,1,40,42:17.6,42:17.6,7,505635,2019
4,80 pts,2,3,1,80,CAP+11,CAP+11,3,505635,2019
5,70 pts,2,4,1,70,20:07.5,20:07.5,4,505635,2019
6,100 pts,8,1T,1,100,160.0 lb,160,1T,505635,2019
7,20 pts,8,9,1,20,CAP+5,CAP+5,9,505635,2019
8,20 pts,8,9,1,20,06:46.8,06:46.8,9,505635,2019
1,50 pts,9,6,1,50,03:45.4,03:45.4,6,80344,2019
2,10 pts,9,10,1,10,15:13.7,15:13.7,10,80344,2019
3,30 pts,46,8,1,30,42:34.9,42:34.9,8,80344,2019
4,20 pts,1,9,1,20,CAP+31,CAP+31,9,80344,2019
5,30 pts,1,8,1,30,22:25.5,22:25.5,8,80344,2019
6,70 pts,1,4T,1,70,135.0 lb,135,4T,80344,2019
7,50 pts,1,6,1,50,07:13.8,07:13.8,6,80344,2019
8,60 pts,1,5,1,60,05:26.7,05:26.7,5,80344,2019
1,10 pts,1,10,1,10,04:08.6,04:08.6,10,195717,2019
2,60 pts,1,5,1,60,13:04.2,13:04.2,5,195717,2019
3,50 pts,47,6,1,50,39:49.7,39:49.7,6,195717,2019
4,10 pts,9,10,1,10,CAP+58,CAP+58,10,195717,2019
5,50 pts,9,6,1,50,21:31.9,21:31.9,6,195717,2019
6,30 pts,9,8,1,30,125.0 lb,125,8,195717,2019
7,40 pts,9,7,1,40,07:56.6,07:56.6,7,195717,2019
8,30 pts,9,8,1,30,06:21.1,06:21.1,8,195717,2019
1,20 pts,10,9,1,20,04:03.0,04:03.0,9,55291,2019
2,30 pts,10,8,1,30,13:41.8,13:41.8,8,55291,2019
3,10 pts,48,10,1,10,44:35.7,44:35.7,10,55291,2019
4,40 pts,10,7T,1,40,CAP+19,CAP+19,7T,55291,2019
5,20 pts,10,9,1,20,23:38.9,23:38.9,9,55291,2019
6,,10,WD,1,0,,,WD,55291,2019
7,,10,WD,1,0,,,WD,55291,2019
8,,10,WD,1,0,,,WD,55291,2019
1,40 pts,14,7,1,40,08:46.1,08:46.1,7,111119,2019
2,100 pts,34,1,1,100,20:12.1,20:12.1,1,111119,2019
3,90 pts,14,2,1,90,02:47.0,02:47.0,2,111119,2019
4,80 pts,14,3,1,80,12:37.9,12:37.9,3,111119,2019
5,90 pts,15,2,1,90,210.0 lb,210,2,111119,2019
6,60 pts,15,5,1,60,05:00.4,05:00.4,5,111119,2019
7,70 pts,15,4,1,70,05:47.9,05:47.9,4,111119,2019
1,80 pts,12,3,1,80,07:57.1,07:57.1,3,38826,2019
2,60 pts,32,5,1,60,20:54.6,20:54.6,5,38826,2019
3,100 pts,17,1,1,100,02:33.2,02:33.2,1,38826,2019
4,50 pts,17,6,1,50,13:44.9,13:44.9,6,38826,2019
5,70 pts,17,4,1,70,195.0 lb,195,4,38826,2019
6,90 pts,17,2,1,90,04:49.6,04:49.6,2,38826,2019
7,80 pts,17,3,1,80,05:34.7,05:34.7,3,38826,2019
1,90 pts,16,2,1,90,07:53.4,07:53.4,2,123429,2019
2,20 pts,36,9,1,20,30:55.2,30:55.2,9,123429,2019
3,70 pts,18,4,1,70,03:21.0,03:21.0,4,123429,2019
4,60 pts,18,5,1,60,13:35.8,13:35.8,5,123429,2019
5,80 pts,13,3,1,80,200.0 lb,200,3,123429,2019
6,100 pts,13,1,1,100,04:27.6,04:27.6,1,123429,2019
7,100 pts,13,1,1,100,04:49.4,04:49.4,1,123429,2019
1,100 pts,15,1,1,100,07:31.7,07:31.7,1,53380,2019
2,80 pts,35,3,1,80,20:13.8,20:13.8,3,53380,2019
3,20 pts,15,9,1,20,04:39.7,04:39.7,9,53380,2019
4,100 pts,15,1,1,100,12:02.3,12:02.3,1,53380,2019
5,50 pts,16,6T,1,50,170.0 lb,170,6T,53380,2019
6,50 pts,16,6,1,50,05:04.9,05:04.9,6,53380,2019
7,90 pts,16,2,1,90,05:07.2,05:07.2,2,53380,2019
1,70 pts,17,4,1,70,08:11.5,08:11.5,4,12819,2019
2,90 pts,37,2,1,90,20:12.8,20:12.8,2,12819,2019
3,50 pts,16,6,1,50,03:34.1,03:34.1,6,12819,2019
4,90 pts,16,2,1,90,12:04.7,12:04.7,2,12819,2019
5,50 pts,14,6T,1,50,170.0 lb,170,6T,12819,2019
6,70 pts,14,4,1,70,04:52.5,04:52.5,4,12819,2019
7,40 pts,14,7,1,40,06:19.0,06:19.0,7,12819,2019
1,20 pts,19,9,1,20,11:08.0,11:08.0,9,59899,2019
2,40 pts,39,7,1,40,22:50.2,22:50.2,7,59899,2019
3,60 pts,19,5,1,60,03:26.7,03:26.7,5,59899,2019
4,30 pts,19,8,1,30,15:52.8,15:52.8,8,59899,2019
5,100 pts,11,1,1,100,220.0 lb,220,1,59899,2019
6,80 pts,11,3,1,80,04:49.8,04:49.8,3,59899,2019
7,60 pts,11,5,1,60,06:04.4,06:04.4,5,59899,2019
1,30 pts,18,8,1,30,09:05.2,09:05.2,8,299915,2019
2,30 pts,38,8,1,30,23:24.1,23:24.1,8,299915,2019
3,80 pts,11,3,1,80,03:04.7,03:04.7,3,299915,2019
4,70 pts,11,4,1,70,12:57.1,12:57.1,4,299915,2019
5,60 pts,18,5,1,60,185.0 lb,185,5,299915,2019
6,30 pts,18,8,1,30,05:32.2,05:32.2,8,299915,2019
7,50 pts,18,6,1,50,06:17.7,06:17.7,6,299915,2019
1,60 pts,11,5,1,60,08:30.8,08:30.8,5,56292,2019
2,50 pts,31,6,1,50,21:13.7,21:13.7,6,56292,2019
3,30 pts,12,8,1,30,03:52.9,03:52.9,8,56292,2019
4,20 pts,12,9,1,20,15:56.2,15:56.2,9,56292,2019
5,50 pts,19,6T,1,50,170.0 lb,170,6T,56292,2019
6,40 pts,19,7,1,40,05:24.3,05:24.3,7,56292,2019
7,30 pts,19,8,1,30,06:57.5,06:57.5,8,56292,2019
1,50 pts,13,6,1,50,08:36.8,08:36.8,6,221046,2019
2,70 pts,33,4,1,70,20:26.2,20:26.2,4,221046,2019
3,40 pts,13,7,1,40,03:41.5,03:41.5,7,221046,2019
4,40 pts,13,7,1,40,15:10.2,15:10.2,7,221046,2019
5,20 pts,12,9,1,20,155.0 lb,155,9,221046,2019
6,20 pts,12,9,1,20,06:27.0,06:27.0,9,221046,2019
7,20 pts,12,9,1,20,07:27.6,07:27.6,9,221046,2019
1,100 pts,5,1,1,100,07:59.2,07:59.2,1,13983,2019
2,100 pts,25,1,1,100,23:47.9,23:47.9,1,13983,2019
3,90 pts,5,2,1,90,03:24.7,03:24.7,2,13983,2019
4,100 pts,5,1,1,100,11:00.0,11:00.0,1,13983,2019
5,70 pts,5,4T,1,70,135.0 lb,135,4T,13983,2019
6,90 pts,5,2,1,90,03:02.9,03:02.9,2,13983,2019
7,90 pts,5,2,1,90,03:24.1,03:24.1,2,13983,2019
1,40 pts,7,7,1,40,10:02.0,10:02.0,7,19241,2019
2,80 pts,27,3,1,80,24:51.7,24:51.7,3,19241,2019
3,100 pts,7,1,1,100,03:18.3,03:18.3,1,19241,2019
4,90 pts,7,2,1,90,12:51.1,12:51.1,2,19241,2019
5,90 pts,6,2T,1,90,145.0 lb,145,2T,19241,2019
6,80 pts,6,3,1,80,03:12.0,03:12.0,3,19241,2019
7,70 pts,6,4,1,70,03:33.6,03:33.6,4,19241,2019
1,30 pts,6,8,1,30,10:13.6,10:13.6,8,27530,2019
2,30 pts,26,8,1,30,27:07.4,27:07.4,8,27530,2019
3,40 pts,9,7,1,40,04:47.8,04:47.8,7,27530,2019
4,70 pts,9,4,1,70,13:00.4,13:00.4,4,27530,2019
5,90 pts,2,2T,1,90,145.0 lb,145,2T,27530,2019
6,100 pts,2,1,1,100,02:28.5,02:28.5,1,27530,2019
7,100 pts,2,1,1,100,03:04.1,03:04.1,1,27530,2019
1,60 pts,4,5,1,60,09:20.5,09:20.5,5,29279,2019
2,90 pts,24,2,1,90,24:19.5,24:19.5,2,29279,2019
3,70 pts,4,4,1,70,04:16.1,04:16.1,4,29279,2019
4,40 pts,4,7,1,40,14:05.0,14:05.0,7,29279,2019
5,70 pts,4,4T,1,70,135.0 lb,135,4T,29279,2019
6,50 pts,4,6,1,50,03:23.2,03:23.2,6,29279,2019
7,50 pts,4,6,1,50,04:16.0,04:16.0,6,29279,2019
1,70 pts,8,4,1,70,09:10.8,09:10.8,4,215328,2019
2,50 pts,28,6,1,50,26:13.2,26:13.2,6,215328,2019
3,50 pts,2,6,1,50,04:34.2,04:34.2,6,215328,2019
4,60 pts,2,5,1,60,13:02.6,13:02.6,5,215328,2019
5,30 pts,3,8T,1,30,115.0 lb,115,8T,215328,2019
6,70 pts,3,4,1,70,03:14.4,03:14.4,4,215328,2019
7,60 pts,3,5,1,60,03:45.1,03:45.1,5,215328,2019
1,90 pts,10,2,1,90,08:23.4,08:23.4,2,24334,2019
2,60 pts,30,5,1,60,26:11.8,26:11.8,5,24334,2019
3,10 pts,6,10,1,10,CAP+57,CAP+57,10,24334,2019
4,80 pts,6,3,1,80,12:56.7,12:56.7,3,24334,2019
5,30 pts,7,8T,1,30,115.0 lb,115,8T,24334,2019
6,30 pts,7,8,1,30,03:30.7,03:30.7,8,24334,2019
7,80 pts,7,3,1,80,03:28.7,03:28.7,3,24334,2019
1,80 pts,3,3,1,80,08:57.3,08:57.3,3,261786,2019
2,40 pts,23,7,1,40,26:41.8,26:41.8,7,261786,2019
3,30 pts,3,8,1,30,CAP+18,CAP+18,8,261786,2019
4,30 pts,3,8,1,30,14:31.7,14:31.7,8,261786,2019
5,40 pts,8,7,1,40,125.0 lb,125,7,261786,2019
6,60 pts,8,5,1,60,03:14.6,03:14.6,5,261786,2019
7,40 pts,8,7,1,40,04:18.7,04:18.7,7,261786,2019
1,10 pts,1,10,1,10,12:59.4,12:59.4,10,100338,2019
2,20 pts,21,9,1,20,30:25.6,30:25.6,9,100338,2019
3,80 pts,10,3,1,80,03:38.6,03:38.6,3,100338,2019
4,20 pts,10,9,1,20,14:57.4,14:57.4,9,100338,2019
5,50 pts,10,6,1,50,130.0 lb,130,6,100338,2019
6,40 pts,10,7,1,40,03:27.4,03:27.4,7,100338,2019
7,30 pts,10,8,1,30,04:27.8,04:27.8,8,100338,2019
1,50 pts,9,6,1,50,09:50.8,09:50.8,6,13813,2019
2,70 pts,29,4,1,70,25:45.1,25:45.1,4,13813,2019
3,20 pts,8,9,1,20,CAP+47,CAP+47,9,13813,2019
4,10 pts,8,10,1,10,18:29.5,18:29.5,10,13813,2019
5,30 pts,9,8T,1,30,115.0 lb,115,8T,13813,2019
6,20 pts,9,9,1,20,03:38.3,03:38.3,9,13813,2019
7,20 pts,9,9,1,20,05:06.2,05:06.2,9,13813,2019
1,20 pts,2,9,1,20,11:07.9,11:07.9,9,1900,2019
2,10 pts,22,10,1,10,32:39.9,32:39.9,10,1900,2019
3,60 pts,1,5,1,60,04:25.3,04:25.3,5,1900,2019
4,50 pts,1,6,1,50,13:07.3,13:07.3,6,1900,2019
5,100 pts,1,1,1,100,160.0 lb,160,1,1900,2019
6,,1,WD,1,0,,,WD,1900,2019
7,,1,WD,1,0,,,WD,1900,2019
1,90 pts,15,2,1,90,09:30.2,09:30.2,2,750230,2019
2,90 pts,54,2,1,90,22:24.8,22:24.8,2,750230,2019
3,20 pts,15,9,1,20,CAP+3,CAP+3,9,750230,2019
4,80 pts,15,3,1,80,15:32.1,15:32.1,3,750230,2019
5,60 pts,14,5T,1,60,165.0 lb,165,5T,750230,2019
6,100 pts,14,1,1,100,05:21.0,05:21.0,1,750230,2019
7,80 pts,14,3,1,80,06:16.8,06:16.8,3,750230,2019
1,30 pts,18,8,1,30,11:10.0,11:10.0,8,24918,2019
2,80 pts,57,3,1,80,23:02.5,23:02.5,3,24918,2019
3,100 pts,13,1,1,100,02:14.9,02:14.9,1,24918,2019
4,30 pts,13,8,1,30,CAP+1,CAP+1,8,24918,2019
5,60 pts,17,5T,1,60,165.0 lb,165,5T,24918,2019
6,90 pts,17,2,1,90,05:30.6,05:30.6,2,24918,2019
7,100 pts,17,1,1,100,05:20.2,05:20.2,1,24918,2019
1,50 pts,16,6,1,50,10:02.2,10:02.2,6,283002,2019
2,40 pts,55,7,1,40,24:01.4,24:01.4,7,283002,2019
3,90 pts,18,2,1,90,02:44.9,02:44.9,2,283002,2019
4,100 pts,18,1,1,100,14:51.5,14:51.5,1,283002,2019
5,100 pts,16,1T,1,100,185.0 lb,185,1T,283002,2019
6,60 pts,16,5,1,60,06:43.8,06:43.8,5,283002,2019
7,40 pts,16,7,1,40,07:53.6,07:53.6,7,283002,2019
1,60 pts,14,5,1,60,09:52.8,09:52.8,5,536200,2019
2,10 pts,53,10,1,10,26:13.5,26:13.5,10,536200,2019
3,80 pts,12,3,1,80,03:05.2,03:05.2,3,536200,2019
4,70 pts,12,4,1,70,15:38.8,15:38.8,4,536200,2019
5,100 pts,12,1T,1,100,185.0 lb,185,1T,536200,2019
6,80 pts,12,3,1,80,06:10.8,06:10.8,3,536200,2019
7,70 pts,12,4,1,70,06:24.6,06:24.6,4,536200,2019
1,80 pts,13,3,1,80,09:30.7,09:30.7,3,18975,2019
2,70 pts,52,4,1,70,23:37.9,23:37.9,4,18975,2019
3,70 pts,14,4,1,70,03:20.1,03:20.1,4,18975,2019
4,90 pts,14,2,1,90,15:14.9,15:14.9,2,18975,2019
5,40 pts,15,7T,1,40,155.0 lb,155,7T,18975,2019
6,20 pts,15,9,1,20,CAP+32,CAP+32,9,18975,2019
7,90 pts,15,2,1,90,05:43.0,05:43.0,2,18975,2019
1,100 pts,12,1,1,100,09:00.1,09:00.1,1,57724,2019
2,20 pts,51,9,1,20,25:37.1,25:37.1,9,57724,2019
3,50 pts,17,6,1,50,03:36.6,03:36.6,6,57724,2019
4,60 pts,17,5,1,60,17:29.4,17:29.4,5,57724,2019
5,40 pts,13,7T,1,40,155.0 lb,155,7T,57724,2019
6,70 pts,13,4,1,70,06:27.1,06:27.1,4,57724,2019
7,60 pts,13,5,1,60,07:19.9,07:19.9,5,57724,2019
1,40 pts,19,7,1,40,10:10.1,10:10.1,7,464020,2019
2,30 pts,58,8,1,30,25:21.1,25:21.1,8,464020,2019
3,40 pts,20,7,1,40,03:43.6,03:43.6,7,464020,2019
4,50 pts,20,6,1,50,17:34.6,17:34.6,6,464020,2019
5,100 pts,19,1T,1,100,185.0 lb,185,1T,464020,2019
6,50 pts,19,6,1,50,07:34.7,07:34.7,6,464020,2019
7,30 pts,19,8,1,30,CAP+1,CAP+1,8,464020,2019
1,10 pts,17,10,1,10,14:37.7,14:37.7,10,661916,2019
2,60 pts,56,5,1,60,23:48.1,23:48.1,5,661916,2019
3,60 pts,19,5,1,60,03:30.6,03:30.6,5,661916,2019
4,20 pts,19,9,1,20,CAP+11,CAP+11,9,661916,2019
5,70 pts,11,4,1,70,170.0 lb,170,4,661916,2019
6,40 pts,11,7,1,40,CAP+5,CAP+5,7,661916,2019
7,50 pts,11,6,1,50,07:40.1,07:40.1,6,661916,2019
1,70 pts,20,4,1,70,09:40.5,09:40.5,4,256405,2019
2,100 pts,59,1,1,100,20:33.4,20:33.4,1,256405,2019
3,10 pts,16,10,1,10,CAP+3,CAP+3,10,256405,2019
4,40 pts,16,7,1,40,CAP,CAP,7,256405,2019
5,20 pts,18,9,1,20,150.0 lb,150,9,256405,2019
6,30 pts,18,8,1,30,CAP+7,CAP+7,8,256405,2019
7,20 pts,18,9,1,20,CAP+7,CAP+7,9,256405,2019
1,20 pts,11,9,1,20,11:47.5,11:47.5,9,522158,2019
2,50 pts,50,6,1,50,23:50.7,23:50.7,6,522158,2019
3,30 pts,11,8,1,30,04:55.2,04:55.2,8,522158,2019
4,10 pts,11,10,1,10,CAP+31,CAP+31,10,522158,2019
5,10 pts,20,10,1,10,140.0 lb,140,10,522158,2019
6,10 pts,20,10,1,10,CAP+36,CAP+36,10,522158,2019
7,10 pts,20,10,1,10,CAP+11,CAP+11,10,522158,2019
1,100 pts,5,1,1,100,08:29.8,08:29.8,1,150577,2019
2,100 pts,44,1,1,100,23:53.8,23:53.8,1,150577,2019
3,100 pts,5,1,1,100,02:48.0,02:48.0,1,150577,2019
4,100 pts,5,1,1,100,11:57.2,11:57.2,1,150577,2019
5,100 pts,5,1T,1,100,120.0 lb,120,1T,150577,2019
6,100 pts,5,1,1,100,02:52.4,02:52.4,1,150577,2019
7,100 pts,5,1,1,100,03:14.2,03:14.2,1,150577,2019
1,70 pts,4,4,1,70,11:13.6,11:13.6,4,330392,2019
2,90 pts,43,2,1,90,24:44.5,24:44.5,2,330392,2019
3,40 pts,4,7,1,40,CAP+6,CAP+6,7,330392,2019
4,90 pts,4,2,1,90,14:20.2,14:20.2,2,330392,2019
5,100 pts,6,1T,1,100,120.0 lb,120,1T,330392,2019
6,70 pts,6,4,1,70,03:50.7,03:50.7,4,330392,2019
7,80 pts,6,3,1,80,04:56.0,04:56.0,3,330392,2019
1,50 pts,6,6,1,50,12:05.1,12:05.1,6,145039,2019
2,30 pts,45,8,1,30,30:19.4,30:19.4,8,145039,2019
3,80 pts,2,3,1,80,CAP+2,CAP+2,3,145039,2019
4,30 pts,2,8,1,30,CAP+15,CAP+15,8,145039,2019
5,40 pts,8,7T,1,40,100.0 lb,100,7T,145039,2019
6,90 pts,8,2,1,90,03:32.9,03:32.9,2,145039,2019
7,90 pts,8,2,1,90,04:43.3,04:43.3,2,145039,2019
1,80 pts,9,3,1,80,10:41.6,10:41.6,3,819703,2019
2,80 pts,48,3,1,80,24:57.1,24:57.1,3,819703,2019
3,30 pts,7,8,1,30,CAP+6,CAP+6,8,819703,2019
4,60 pts,7,5,1,60,17:28.7,17:28.7,5,819703,2019
5,20 pts,4,9,1,20,90.0 lb,90,9,819703,2019
6,60 pts,4,5,1,60,03:55.0,03:55.0,5,819703,2019
7,70 pts,4,4,1,70,04:57.1,04:57.1,4,819703,2019
1,10 pts,7,10,1,10,CAP+103,CAP+103,10,243666,2019
2,40 pts,46,7,1,40,27:46.5,27:46.5,7,243666,2019
3,70 pts,1,4,1,70,CAP+5,CAP+5,4,243666,2019
4,70 pts,1,4,1,70,16:26.5,16:26.5,4,243666,2019
5,70 pts,2,4,1,70,115.0 lb,115,4,243666,2019
6,80 pts,2,3,1,80,03:45.7,03:45.7,3,243666,2019
7,60 pts,2,5,1,60,05:11.9,05:11.9,5,243666,2019
1,30 pts,10,8,1,30,13:00.1,13:00.1,8,198927,2019
2,60 pts,49,5,1,60,26:51.2,26:51.2,5,198927,2019
3,90 pts,8,2,1,90,CAP+1,CAP+1,2,198927,2019
4,20 pts,8,9,1,20,CAP+130,CAP+130,9,198927,2019
5,100 pts,7,1T,1,100,120.0 lb,120,1T,198927,2019
6,40 pts,7,7,1,40,04:52.2,04:52.2,7,198927,2019
7,40 pts,7,7,1,40,05:39.1,05:39.1,7,198927,2019
1,60 pts,3,5,1,60,11:53.2,11:53.2,5,312883,2019
2,50 pts,42,6,1,50,27:15.1,27:15.1,6,312883,2019
3,10 pts,3,10,1,10,CAP+6,CAP+6,10,312883,2019
4,50 pts,3,6,1,50,CAP,CAP,6,312883,2019
5,40 pts,1,7T,1,40,100.0 lb,100,7T,312883,2019
6,50 pts,1,6,1,50,04:24.4,04:24.4,6,312883,2019
7,50 pts,1,6,1,50,05:29.7,05:29.7,6,312883,2019
1,40 pts,2,7,1,40,12:14.2,12:14.2,7,32842,2019
2,10 pts,41,10,1,10,45:00.0,45:00.0,10,32842,2019
3,50 pts,9,6,1,50,CAP+5,CAP+5,6,32842,2019
4,80 pts,9,3,1,80,16:25.9,16:25.9,3,32842,2019
5,60 pts,9,5T,1,60,105.0 lb,105,5T,32842,2019
6,20 pts,9,9,1,20,05:51.2,05:51.2,9,32842,2019
7,30 pts,9,8,1,30,06:04.6,06:04.6,8,32842,2019
1,20 pts,8,9,1,20,16:22.4,16:22.4,9,702085,2019
2,20 pts,47,9,1,20,30:36.2,30:36.2,9,702085,2019
3,60 pts,10,5,1,60,CAP+5,CAP+5,5,702085,2019
4,40 pts,10,7,1,40,CAP+1,CAP+1,7,702085,2019
5,60 pts,10,5T,1,60,105.0 lb,105,5T,702085,2019
6,30 pts,10,8,1,30,04:54.0,04:54.0,8,702085,2019
7,20 pts,10,9,1,20,06:39.3,06:39.3,9,702085,2019
1,90 pts,1,2,1,90,10:21.4,10:21.4,2,62910,2019
2,70 pts,40,4,1,70,25:55.4,25:55.4,4,62910,2019
3,20 pts,6,9,1,20,CAP+6,CAP+6,9,62910,2019
4,10 pts,6,10,1,10,CAP+142,CAP+142,10,62910,2019
5,,3,WD,1,0,,,WD,62910,2019
6,,3,WD,1,0,,,WD,62910,2019
7,,3,WD,1,0,,,WD,62910,2019